"varname","term","estimate","std.error","df","t.value","p.value","sigma","logLik","BIC","deviance","R2m","R2c","nfix","nparam","modname","modname2","modelformula","randompart","valuecol","var0","var1","var2","var3","varint1","varint2","varint3","nobs","AICc","modname3","AICcdiff"
"Ca","(Intercept)",8,1,153,7.942,4e-13,1.031,-303.7,628,607.3,0.01144,0.9342,2,2,"Ca_ice_out_doy","vari1","value_formodel ~ ice_out_doy","~1 | park_site","value","0","","","","","","",175,611.4,"vari1",19.1999999999999
"Ca","iceout_doy",-0.014,0.0028,153,-4.942,2e-06,1.031,-303.7,628,607.3,0.01144,0.9342,2,2,"Ca_ice_out_doy","vari1","value_formodel ~ ice_out_doy","~1 | park_site","value","","1","","","","","",175,611.4,"vari1",19.1999999999999
"Ca","(Intercept)",6.4,0.87,153,7.407,8.1e-12,1.035,-303.9,628.5,607.8,0.01471,0.9322,2,2,"Ca_SWE_May_snotel","vari1","value_formodel ~ SWE_May_snotel","~1 | park_site","value","0","","","","","","",175,611.9,"vari1",19.6999999999999
"Ca","SWE",-0.007,0.0014,153,-4.877,2.7e-06,1.035,-303.9,628.5,607.8,0.01471,0.9322,2,2,"Ca_SWE_May_snotel","vari1","value_formodel ~ SWE_May_snotel","~1 | park_site","value","","1","","","","","",175,611.9,"vari1",19.6999999999999
"Ca","(Intercept)",4.8,0.88,153,5.404,2.4e-07,1.06,-308.3,637.2,616.6,0.006037,0.9323,2,2,"Ca_days_since_iceout","vari1","value_formodel ~ days_since_iceout","~1 | park_site","value","0","","","","","","",175,620.6,"vari1",28.4
"Ca","days_since_iceout",0.012,0.0031,153,3.774,0.00023,1.06,-308.3,637.2,616.6,0.006037,0.9323,2,2,"Ca_days_since_iceout","vari1","value_formodel ~ days_since_iceout","~1 | park_site","value","","1","","","","","",175,620.6,"vari1",28.4
"Ca","(Intercept)",4.4,0.95,154,4.654,7e-06,1.109,-313.5,647.7,627.1,0.1342,0.9257,2,2,"Ca_graywacke","vari1","value_formodel ~ graywacke","~1 | park_site","value","0","","","","","","",175,631.1,"vari1",38.9
"Ca","graywacke",0.033,0.018,19,1.873,0.077,1.109,-313.5,647.7,627.1,0.1342,0.9257,2,2,"Ca_graywacke","vari1","value_formodel ~ graywacke","~1 | park_site","value","","1","","","","","",175,631.1,"vari1",38.9
"Ca","(Intercept)",9,2.9,154,3.147,0.002,1.109,-314.3,649.3,628.6,0.07425,0.9258,2,2,"Ca_hydro","vari1","value_formodel ~ hydro","~1 | park_site","value","0","","","","","","",175,632.7,"vari1",40.5
"Ca","hydro",-1.7,1.2,19,-1.336,0.2,1.109,-314.3,649.3,628.6,0.07425,0.9258,2,2,"Ca_hydro","vari1","value_formodel ~ hydro","~1 | park_site","value","","1","","","","","",175,632.7,"vari1",40.5
"Ca","(Intercept)",5.1,1.2,154,4.222,4.1e-05,1.109,-315.1,650.9,630.2,0.003419,0.9258,2,2,"Ca_Volume_m3","vari1","value_formodel ~ Volume_m3","~1 | park_site","value","0","","","","","","",175,634.3,"vari1",42.0999999999999
"Ca","volume",2.9e-06,9.8e-06,19,0.2943,0.77,1.109,-315.1,650.9,630.2,0.003419,0.9258,2,2,"Ca_Volume_m3","vari1","value_formodel ~ Volume_m3","~1 | park_site","value","","1","","","","","",175,634.3,"vari1",42.0999999999999
"Chl","(Intercept)",0.048,0.28,114,0.1722,0.86,0.7812,-170.6,360.9,341.2,0.02461,0.2497,2,2,"Chl_Watertemp","vari1","value_formodel ~ Watertemp","~1 | park_site","value","0","","","","","","",136,345.3,"vari1",7.90000000000003
"Chl","Watertemp",0.032,0.019,114,1.677,0.096,0.7812,-170.6,360.9,341.2,0.02461,0.2497,2,2,"Chl_Watertemp","vari1","value_formodel ~ Watertemp","~1 | park_site","value","","1","","","","","",136,345.3,"vari1",7.90000000000003
"Chl","(Intercept)",0.082,0.14,135,0.5898,0.56,0.7336,-184.4,389,368.8,0.1042,0.2673,2,2,"Chl_TDN","vari1","value_formodel ~ TDN","~1 | park_site","value","0","","","","","","",136,372.9,"vari1",35.5
"Chl","TDN",8.5,2.3,135,3.719,0.00029,0.7336,-184.4,389,368.8,0.1042,0.2673,2,2,"Chl_TDN","vari1","value_formodel ~ TDN","~1 | park_site","value","","1","","","","","",136,372.9,"vari1",35.5
"Chl","(Intercept)",0.88,0.17,135,5.021,1.6e-06,0.7471,-187,394.2,374,0.0535,0.2202,2,2,"Chl_SWE_May_snotel","vari1","value_formodel ~ SWE_May_snotel","~1 | park_site","value","0","","","","","","",136,378.1,"vari1",40.7
"Chl","SWE",-0.0028,0.00095,135,-2.89,0.0045,0.7471,-187,394.2,374,0.0535,0.2202,2,2,"Chl_SWE_May_snotel","vari1","value_formodel ~ SWE_May_snotel","~1 | park_site","value","","1","","","","","",136,378.1,"vari1",40.7
"Chl","(Intercept)",1.5,0.38,135,3.943,0.00013,0.7469,-187.1,394.4,374.2,0.04652,0.2179,2,2,"Chl_ice_out_doy","vari1","value_formodel ~ ice_out_doy","~1 | park_site","value","0","","","","","","",136,378.3,"vari1",40.9
"Chl","iceout_doy",-0.0057,0.002,135,-2.849,0.0051,0.7469,-187.1,394.4,374.2,0.04652,0.2179,2,2,"Chl_ice_out_doy","vari1","value_formodel ~ ice_out_doy","~1 | park_site","value","","1","","","","","",136,378.3,"vari1",40.9
"Chl","(Intercept)",0.17,0.15,135,1.146,0.25,0.7457,-187.8,395.9,375.7,0.03487,0.23,2,2,"Chl_days_since_iceout","vari1","value_formodel ~ days_since_iceout","~1 | park_site","value","0","","","","","","",136,379.7,"vari1",42.3
"Chl","days_since_iceout",0.0056,0.0022,135,2.573,0.011,0.7457,-187.8,395.9,375.7,0.03487,0.23,2,2,"Chl_days_since_iceout","vari1","value_formodel ~ days_since_iceout","~1 | park_site","value","","1","","","","","",136,379.7,"vari1",42.3
"Chl","(Intercept)",0.87,0.25,136,3.475,0.00069,0.7634,-189.6,399.4,379.2,0.0409,0.1927,2,2,"Chl_solar_dec","vari1","value_formodel ~ solar_dec","~1 | park_site","value","0","","","","","","",136,383.3,"vari1",45.9
"Chl","solar_dec",-0.0013,0.00071,19,-1.789,0.09,0.7634,-189.6,399.4,379.2,0.0409,0.1927,2,2,"Chl_solar_dec","vari1","value_formodel ~ solar_dec","~1 | park_site","value","","1","","","","","",136,383.3,"vari1",45.9
"Chl","(Intercept)",0.35,0.12,135,2.817,0.0056,0.7598,-189.9,400,379.8,0.01398,0.1937,2,2,"Chl_TDP","vari1","value_formodel ~ TDP","~1 | park_site","value","0","","","","","","",136,383.9,"vari1",46.5
"Chl","TDP",61,39,135,1.544,0.12,0.7598,-189.9,400,379.8,0.01398,0.1937,2,2,"Chl_TDP","vari1","value_formodel ~ TDP","~1 | park_site","value","","1","","","","","",136,383.9,"vari1",46.5
"Chl","(Intercept)",0.79,1.9,136,0.4091,0.68,0.7637,-191.1,402.4,382.2,0.0004285,0.191,2,2,"Chl_solar_jas","vari1","value_formodel ~ solar_jas","~1 | park_site","value","0","","","","","","",136,386.3,"vari1",48.9
"Chl","solar_jas",-7.1e-05,0.00041,19,-0.1731,0.86,0.7637,-191.1,402.4,382.2,0.0004285,0.191,2,2,"Chl_solar_jas","vari1","value_formodel ~ solar_jas","~1 | park_site","value","","1","","","","","",136,386.3,"vari1",48.9
"Cl","(Intercept)",0.12,0.054,155,2.295,0.023,0.1641,47.73,-74.78,-95.46,0.2793,0.5848,2,2,"Cl_Cl_dep_2000_2009","vari1","value_formodel ~ Cl_dep_2000_2009","~1 | park_site","value","0","","","","","","",176,-91.39,"vari1",2.14
"Cl","Cl_dep_2000_2009",0.015,0.0037,19,4.04,7e-04,0.1641,47.73,-74.78,-95.46,0.2793,0.5848,2,2,"Cl_Cl_dep_2000_2009","vari1","value_formodel ~ Cl_dep_2000_2009","~1 | park_site","value","","1","","","","","",176,-91.39,"vari1",2.14
"Cl","(Intercept)",0.37,0.056,154,6.515,9.8e-10,0.1616,43.98,-67.28,-87.97,0.01645,0.601,2,2,"Cl_SWE_May_snotel","vari1","value_formodel ~ SWE_May_snotel","~1 | park_site","value","0","","","","","","",176,-83.9,"vari1",9.63
"Cl","SWE",-0.00048,0.00022,154,-2.177,0.031,0.1616,43.98,-67.28,-87.97,0.01645,0.601,2,2,"Cl_SWE_May_snotel","vari1","value_formodel ~ SWE_May_snotel","~1 | park_site","value","","1","","","","","",176,-83.9,"vari1",9.63
"Cl","(Intercept)",0.53,0.14,155,3.73,0.00027,0.1642,43.1,-65.52,-86.2,0.0844,0.585,2,2,"Cl_hydro","vari1","value_formodel ~ hydro","~1 | park_site","value","0","","","","","","",176,-82.13,"vari1",11.4
"Cl","hydro",-0.11,0.063,19,-1.769,0.093,0.1642,43.1,-65.52,-86.2,0.0844,0.585,2,2,"Cl_hydro","vari1","value_formodel ~ hydro","~1 | park_site","value","","1","","","","","",176,-82.13,"vari1",11.4
"Cl","(Intercept)",0.42,0.094,154,4.452,1.6e-05,0.1633,42.78,-64.88,-85.57,0.00674,0.5804,2,2,"Cl_ice_out_doy","vari1","value_formodel ~ ice_out_doy","~1 | park_site","value","0","","","","","","",176,-81.5,"vari1",12.03
"Cl","iceout_doy",-0.00068,0.00044,154,-1.52,0.13,0.1633,42.78,-64.88,-85.57,0.00674,0.5804,2,2,"Cl_ice_out_doy","vari1","value_formodel ~ ice_out_doy","~1 | park_site","value","","1","","","","","",176,-81.5,"vari1",12.03
"Cl","(Intercept)",0.27,0.051,154,5.383,2.7e-07,0.1638,41.94,-63.21,-83.89,0.001615,0.5865,2,2,"Cl_days_since_iceout","vari1","value_formodel ~ days_since_iceout","~1 | park_site","value","0","","","","","","",176,-79.82,"vari1",13.71
"Cl","days_since_iceout",0.00037,0.00047,154,0.794,0.43,0.1638,41.94,-63.21,-83.89,0.001615,0.5865,2,2,"Cl_days_since_iceout","vari1","value_formodel ~ days_since_iceout","~1 | park_site","value","","1","","","","","",176,-79.82,"vari1",13.71
"Clad","(Intercept)",2300,850,116,2.718,0.0076,7912,-1437,2893,2874,0.0002258,0.03679,2,2,"Clad_Chl","vari1","value_formodel ~ Chl","~1 | park_site","value","0","","","","","","",154,2878,"vari1",258
"Clad","Chl",140,780,116,0.172,0.86,7912,-1437,2893,2874,0.0002258,0.03679,2,2,"Clad_Chl","vari1","value_formodel ~ Chl","~1 | park_site","value","","1","","","","","",154,2878,"vari1",258
"Clad","(Intercept)",74,2200,123,0.03309,0.97,7761,-1506,3031,3012,0.00803,0.02665,2,2,"Clad_Watertemp","vari1","value_formodel ~ Watertemp","~1 | park_site","value","0","","","","","","",154,3016,"vari1",396
"Clad","Watertemp",160,160,123,1.051,0.3,7761,-1506,3031,3012,0.00803,0.02665,2,2,"Clad_Watertemp","vari1","value_formodel ~ Watertemp","~1 | park_site","value","","1","","","","","",154,3016,"vari1",396
"Clad","(Intercept)",3200,1400,132,2.278,0.024,9052,-1623,3267,3247,0.001804,0.02733,2,2,"Clad_Ca","vari1","value_formodel ~ Ca","~1 | park_site","value","0","","","","","","",154,3251,"vari1",631
"Clad","Ca",-100,210,132,-0.4871,0.63,9052,-1623,3267,3247,0.001804,0.02733,2,2,"Clad_Ca","vari1","value_formodel ~ Ca","~1 | park_site","value","","1","","","","","",154,3251,"vari1",631
"Clad","(Intercept)",-780,1400,152,-0.5588,0.58,8345,-1821,3663,3642,0.04131,0.08113,2,2,"Clad_days_since_iceout","vari1","value_formodel ~ days_since_iceout","~1 | park_site","value","0","","","","","","",154,3647,"vari1",1027
"Clad","days_since_iceout",64,23,152,2.751,0.0067,8345,-1821,3663,3642,0.04131,0.08113,2,2,"Clad_days_since_iceout","vari1","value_formodel ~ days_since_iceout","~1 | park_site","value","","1","","","","","",154,3647,"vari1",1027
"Clad","(Intercept)",12000,4000,153,3.022,0.0029,8437,-1832,3685,3664,0.03417,0.05332,2,2,"Clad_ice_out_doy","vari1","value_formodel ~ ice_out_doy","~1 | park_site","value","0","","","","","","",154,3668,"vari1",1048
"Clad","iceout_doy",-52,21,153,-2.458,0.015,8437,-1832,3685,3664,0.03417,0.05332,2,2,"Clad_ice_out_doy","vari1","value_formodel ~ ice_out_doy","~1 | park_site","value","","1","","","","","",154,3668,"vari1",1048
"Clad","(Intercept)",5600,1700,153,3.388,9e-04,8418,-1833,3686,3665,0.02721,0.06044,2,2,"Clad_SWE_May_snotel","vari1","value_formodel ~ SWE_May_snotel","~1 | park_site","value","0","","","","","","",154,3669,"vari1",1049
"Clad","SWE",-21,9.8,153,-2.139,0.034,8418,-1833,3686,3665,0.02721,0.06044,2,2,"Clad_SWE_May_snotel","vari1","value_formodel ~ SWE_May_snotel","~1 | park_site","value","","1","","","","","",154,3669,"vari1",1049
"Cond","(Intercept)",88,38,138,2.351,0.02,72.96,-922.1,1864,1844,0.009203,0.1527,2,2,"Cond_ice_out_doy","vari1","value_formodel ~ ice_out_doy","~1 | park_site","value","0","","","","","","",160,1848,"vari1",0
"Cond","iceout_doy",-0.24,0.2,138,-1.248,0.21,72.96,-922.1,1864,1844,0.009203,0.1527,2,2,"Cond_ice_out_doy","vari1","value_formodel ~ ice_out_doy","~1 | park_site","value","","1","","","","","",160,1848,"vari1",0
"Cond","(Intercept)",49,12,139,4.001,1e-04,73.12,-922.5,1865,1845,0.007388,0.1537,2,2,"Cond_Volume_m3","vari1","value_formodel ~ Volume_m3","~1 | park_site","value","0","","","","","","",160,1849,"vari1",1
"Cond","volume",-7.8e-05,1e-04,19,-0.7701,0.45,73.12,-922.5,1865,1845,0.007388,0.1537,2,2,"Cond_Volume_m3","vari1","value_formodel ~ Volume_m3","~1 | park_site","value","","1","","","","","",160,1849,"vari1",1
"Cond","(Intercept)",51,17,138,3.065,0.0026,73.25,-922.7,1866,1845,0.002317,0.1465,2,2,"Cond_SWE_May_snotel","vari1","value_formodel ~ SWE_May_snotel","~1 | park_site","value","0","","","","","","",160,1849,"vari1",1
"Cond","SWE",-0.054,0.092,138,-0.5865,0.56,73.25,-922.7,1866,1845,0.002317,0.1465,2,2,"Cond_SWE_May_snotel","vari1","value_formodel ~ SWE_May_snotel","~1 | park_site","value","","1","","","","","",160,1849,"vari1",1
"Cond","(Intercept)",54,31,139,1.744,0.083,73.11,-922.8,1866,1846,0.001865,0.1545,2,2,"Cond_hydro","vari1","value_formodel ~ hydro","~1 | park_site","value","0","","","","","","",160,1850,"vari1",2
"Cond","hydro",-5,13,19,-0.3758,0.71,73.11,-922.8,1866,1846,0.001865,0.1545,2,2,"Cond_hydro","vari1","value_formodel ~ hydro","~1 | park_site","value","","1","","","","","",160,1850,"vari1",2
"Cond","(Intercept)",45,14,138,3.162,0.0019,73.11,-922.8,1866,1846,0.0001582,0.1543,2,2,"Cond_days_since_iceout","vari1","value_formodel ~ days_since_iceout","~1 | park_site","value","0","","","","","","",160,1850,"vari1",2
"Cond","days_since_iceout",-0.036,0.21,138,-0.1682,0.87,73.11,-922.8,1866,1846,0.0001582,0.1543,2,2,"Cond_days_since_iceout","vari1","value_formodel ~ days_since_iceout","~1 | park_site","value","","1","","","","","",160,1850,"vari1",2
"Cope","(Intercept)",3000,1100,116,2.708,0.0078,3515,-1349,2718,2698,0.08339,0.6753,2,2,"Cope_Chl","vari1","value_formodel ~ Chl","~1 | park_site","value","0","","","","","","",154,2702,"vari1",246
"Cope","Chl",2000,410,116,4.854,3.8e-06,3515,-1349,2718,2698,0.08339,0.6753,2,2,"Cope_Chl","vari1","value_formodel ~ Chl","~1 | park_site","value","","1","","","","","",154,2702,"vari1",246
"Cope","(Intercept)",3600,1800,123,2.05,0.043,3621,-1423,2867,2847,9.848e-05,0.6971,2,2,"Cope_Watertemp","vari1","value_formodel ~ Watertemp","~1 | park_site","value","0","","","","","","",154,2851,"vari1",395
"Cope","Watertemp",15,95,123,0.1604,0.87,3621,-1423,2867,2847,9.848e-05,0.6971,2,2,"Cope_Watertemp","vari1","value_formodel ~ Watertemp","~1 | park_site","value","","1","","","","","",154,2851,"vari1",395
"Cope","(Intercept)",2400,1800,132,1.303,0.19,3627,-1510,3040,3020,0.02454,0.6919,2,2,"Cope_Ca","vari1","value_formodel ~ Ca","~1 | park_site","value","0","","","","","","",154,3024,"vari1",568
"Cope","Ca",270,250,132,1.067,0.29,3627,-1510,3040,3020,0.02454,0.6919,2,2,"Cope_Ca","vari1","value_formodel ~ Ca","~1 | park_site","value","","1","","","","","",154,3024,"vari1",568
"Cope","(Intercept)",4300,1400,152,3.128,0.0021,3713,-1708,3437,3417,0.0009089,0.6926,2,2,"Cope_days_since_iceout","vari1","value_formodel ~ days_since_iceout","~1 | park_site","value","0","","","","","","",154,3421,"vari1",965
"Cope","days_since_iceout",-7.3,11,152,-0.689,0.49,3713,-1708,3437,3417,0.0009089,0.6926,2,2,"Cope_days_since_iceout","vari1","value_formodel ~ days_since_iceout","~1 | park_site","value","","1","","","","","",154,3421,"vari1",965
"Cope","(Intercept)",3500,2300,153,1.52,0.13,3706,-1718,3456,3435,0.0001188,0.6943,2,2,"Cope_ice_out_doy","vari1","value_formodel ~ ice_out_doy","~1 | park_site","value","0","","","","","","",154,3440,"vari1",984
"Cope","iceout_doy",2.4,10,153,0.235,0.81,3706,-1718,3456,3435,0.0001188,0.6943,2,2,"Cope_ice_out_doy","vari1","value_formodel ~ ice_out_doy","~1 | park_site","value","","1","","","","","",154,3440,"vari1",984
"Cope","(Intercept)",3900,1500,153,2.614,0.0098,3707,-1718,3456,3436,3.566e-06,0.6933,2,2,"Cope_SWE_May_snotel","vari1","value_formodel ~ SWE_May_snotel","~1 | park_site","value","0","","","","","","",154,3440,"vari1",984
"Cope","SWE",0.18,5.1,153,0.03622,0.97,3707,-1718,3456,3436,3.566e-06,0.6933,2,2,"Cope_SWE_May_snotel","vari1","value_formodel ~ SWE_May_snotel","~1 | park_site","value","","1","","","","","",154,3440,"vari1",984
"DO","(Intercept)",8.9,0.19,111,47.09,3.4e-75,1.925,-275.8,571.2,551.7,0.0001993,0.0001993,2,2,"DO_Chl","vari1","value_formodel ~ Chl","~1 | park_site","value","0","","","","","","",133,555.8,"vari1",19.8
"DO","Chl",0.03,0.18,111,0.161,0.87,1.925,-275.8,571.2,551.7,0.0001993,0.0001993,2,2,"DO_Chl","vari1","value_formodel ~ Chl","~1 | park_site","value","","1","","","","","",133,555.8,"vari1",19.8
"DO","(Intercept)",11,0.46,143,24.38,8.7e-53,1.879,-338.2,696.7,676.3,0.1224,0.1224,2,2,"DO_Watertemp","vari1","value_formodel ~ Watertemp","~1 | park_site","value","0","","","","","","",133,680.4,"vari1",144.4
"DO","Watertemp",-0.16,0.033,143,-4.754,4.8e-06,1.879,-338.2,696.7,676.3,0.1224,0.1224,2,2,"DO_Watertemp","vari1","value_formodel ~ Watertemp","~1 | park_site","value","","1","","","","","",133,680.4,"vari1",144.4
"DO","(Intercept)",6.1,0.93,143,6.529,1.1e-09,1.926,-343.6,707.6,687.1,0.06489,0.08063,2,2,"DO_ice_out_doy","vari1","value_formodel ~ ice_out_doy","~1 | park_site","value","0","","","","","","",133,691.2,"vari1",155.2
"DO","iceout_doy",0.016,0.0049,143,3.345,0.001,1.926,-343.6,707.6,687.1,0.06489,0.08063,2,2,"DO_ice_out_doy","vari1","value_formodel ~ ice_out_doy","~1 | park_site","value","","1","","","","","",133,691.2,"vari1",155.2
"DO","(Intercept)",10,0.32,143,31.09,1.7e-65,1.928,-343.8,708,687.6,0.0617,0.07772,2,2,"DO_days_since_iceout","vari1","value_formodel ~ days_since_iceout","~1 | park_site","value","0","","","","","","",133,691.7,"vari1",155.7
"DO","days_since_iceout",-0.018,0.0055,143,-3.278,0.0013,1.928,-343.8,708,687.6,0.0617,0.07772,2,2,"DO_days_since_iceout","vari1","value_formodel ~ days_since_iceout","~1 | park_site","value","","1","","","","","",133,691.7,"vari1",155.7
"DO","(Intercept)",8.6,0.38,143,22.63,4e-49,1.987,-347.9,716.3,695.9,0.01227,0.01865,2,2,"DO_SWE_May_snotel","vari1","value_formodel ~ SWE_May_snotel","~1 | park_site","value","0","","","","","","",133,699.9,"vari1",163.9
"DO","SWE",0.0032,0.0023,143,1.41,0.16,1.987,-347.9,716.3,695.9,0.01227,0.01865,2,2,"DO_SWE_May_snotel","vari1","value_formodel ~ SWE_May_snotel","~1 | park_site","value","","1","","","","","",133,699.9,"vari1",163.9
"ice_out_doy","(Intercept)",170,6.7,156,25.63,8.7e-58,29.26,-851.9,1725,1704,0.03856,0.07742,2,2,"ice_out_doy_solar_dec","vari1","value_formodel ~ solar_dec","~1 | park_site","value","0","","","","","","",177,1708,"vari1",0
"ice_out_doy","solar_dec",0.044,0.019,19,2.308,0.032,29.26,-851.9,1725,1704,0.03856,0.07742,2,2,"ice_out_doy_solar_dec","vari1","value_formodel ~ solar_dec","~1 | park_site","value","","1","","","","","",177,1708,"vari1",0
"ice_out_doy","(Intercept)",160,19,156,8.477,1.6e-14,29.32,-853.3,1727,1707,0.01909,0.07258,2,2,"ice_out_doy_Elevation_m","vari1","value_formodel ~ Elevation_m","~1 | park_site","value","0","","","","","","",177,1711,"vari1",3
"ice_out_doy","Elevation_m",0.018,0.012,19,1.551,0.14,29.32,-853.3,1727,1707,0.01909,0.07258,2,2,"ice_out_doy_Elevation_m","vari1","value_formodel ~ Elevation_m","~1 | park_site","value","","1","","","","","",177,1711,"vari1",3
"ice_out_doy","(Intercept)",130,52,156,2.524,0.013,29.31,-853.9,1728,1708,0.009397,0.07372,2,2,"ice_out_doy_solar_jas","vari1","value_formodel ~ solar_jas","~1 | park_site","value","0","","","","","","",177,1712,"vari1",4
"ice_out_doy","solar_jas",0.012,0.011,19,1.051,0.31,29.31,-853.9,1728,1708,0.009397,0.07372,2,2,"ice_out_doy_solar_jas","vari1","value_formodel ~ solar_jas","~1 | park_site","value","","1","","","","","",177,1712,"vari1",4
"ice_out_doy","(Intercept)",190,4,156,47.5,1.1e-94,29.3,-854.2,1729,1708,0.003126,0.07468,2,2,"ice_out_doy_Volume_m3","vari1","value_formodel ~ Volume_m3","~1 | park_site","value","0","","","","","","",177,1713,"vari1",5
"ice_out_doy","volume",-2e-05,3.3e-05,19,-0.6027,0.55,29.3,-854.2,1729,1708,0.003126,0.07468,2,2,"ice_out_doy_Volume_m3","vari1","value_formodel ~ Volume_m3","~1 | park_site","value","","1","","","","","",177,1713,"vari1",5
"K","(Intercept)",0.16,0.013,154,12.53,2.7e-25,0.0283,342.2,-663.7,-684.4,0.06095,0.7878,2,2,"K_SWE_May_snotel","vari1","value_formodel ~ SWE_May_snotel","~1 | park_site","value","0","","","","","","",176,-680.3,"vari1",2.70000000000005
"K","SWE",-0.00022,3.9e-05,154,-5.678,6.6e-08,0.0283,342.2,-663.7,-684.4,0.06095,0.7878,2,2,"K_SWE_May_snotel","vari1","value_formodel ~ SWE_May_snotel","~1 | park_site","value","","1","","","","","",176,-680.3,"vari1",2.70000000000005
"K","(Intercept)",0.2,0.019,154,10.75,1.9e-20,0.02929,337.8,-654.9,-675.6,0.03787,0.754,2,2,"K_ice_out_doy","vari1","value_formodel ~ ice_out_doy","~1 | park_site","value","0","","","","","","",176,-671.5,"vari1",11.5
"K","iceout_doy",-0.00038,8e-05,154,-4.685,6.1e-06,0.02929,337.8,-654.9,-675.6,0.03787,0.754,2,2,"K_ice_out_doy","vari1","value_formodel ~ ice_out_doy","~1 | park_site","value","","1","","","","","",176,-671.5,"vari1",11.5
"K","(Intercept)",0.11,0.013,154,8.963,9.9e-16,0.02952,335.4,-650.2,-670.8,0.02425,0.768,2,2,"K_days_since_iceout","vari1","value_formodel ~ days_since_iceout","~1 | park_site","value","0","","","","","","",176,-666.8,"vari1",16.2
"K","days_since_iceout",0.00035,8.5e-05,154,4.101,6.6e-05,0.02952,335.4,-650.2,-670.8,0.02425,0.768,2,2,"K_days_since_iceout","vari1","value_formodel ~ days_since_iceout","~1 | park_site","value","","1","","","","","",176,-666.8,"vari1",16.2
"K","(Intercept)",0.14,0.013,155,11.12,1.8e-21,0.03108,329.1,-637.4,-658.1,0.1165,0.7443,2,2,"K_graywacke","vari1","value_formodel ~ graywacke","~1 | park_site","value","0","","","","","","",176,-654,"vari1",29
"K","graywacke",-0.00047,0.00024,19,-1.915,0.071,0.03108,329.1,-637.4,-658.1,0.1165,0.7443,2,2,"K_graywacke","vari1","value_formodel ~ graywacke","~1 | park_site","value","","1","","","","","",176,-654,"vari1",29
"K","(Intercept)",0.13,0.017,155,7.959,3.4e-13,0.03108,327.4,-634,-654.7,0.0006369,0.7443,2,2,"K_Volume_m3","vari1","value_formodel ~ Volume_m3","~1 | park_site","value","0","","","","","","",176,-650.6,"vari1",32.4
"K","volume",-1.8e-08,1.4e-07,19,-0.1346,0.89,0.03108,327.4,-634,-654.7,0.0006369,0.7443,2,2,"K_Volume_m3","vari1","value_formodel ~ Volume_m3","~1 | park_site","value","","1","","","","","",176,-650.6,"vari1",32.4
"K","(Intercept)",0.13,0.041,155,3.257,0.0014,0.03108,327.3,-634,-654.7,0.0001903,0.7443,2,2,"K_hydro","vari1","value_formodel ~ hydro","~1 | park_site","value","0","","","","","","",176,-650.6,"vari1",32.4
"K","hydro",-0.0013,0.018,19,-0.07079,0.94,0.03108,327.3,-634,-654.7,0.0001903,0.7443,2,2,"K_hydro","vari1","value_formodel ~ hydro","~1 | park_site","value","","1","","","","","",176,-650.6,"vari1",32.4
"log10Chl","(Intercept)",-0.77,0.12,114,-6.584,1.5e-09,0.3084,-47.39,114.4,94.77,0.04918,0.3503,2,2,"log10Chl_Watertemp","vari1","value_formodel ~ Watertemp","~1 | park_site","value","0","","","","","","",136,98.86,"vari1",16
"log10Chl","Watertemp",0.019,0.0079,114,2.452,0.016,0.3084,-47.39,114.4,94.77,0.04918,0.3503,2,2,"log10Chl_Watertemp","vari1","value_formodel ~ Watertemp","~1 | park_site","value","","1","","","","","",136,98.86,"vari1",16
"log10Chl","(Intercept)",-0.73,0.064,135,-11.43,1.4e-21,0.3096,-51.61,123.5,103.2,0.1621,0.3683,2,2,"log10Chl_TDN","vari1","value_formodel ~ TDN","~1 | park_site","value","0","","","","","","",136,107.3,"vari1",24.44
"log10Chl","TDN",4.8,1,135,4.802,4.1e-06,0.3096,-51.61,123.5,103.2,0.1621,0.3683,2,2,"log10Chl_TDN","vari1","value_formodel ~ TDN","~1 | park_site","value","","1","","","","","",136,107.3,"vari1",24.44
"log10Chl","(Intercept)",-0.72,0.071,135,-10.06,4.2e-18,0.3049,-53.11,126.4,106.2,0.07878,0.3993,2,2,"log10Chl_days_since_iceout","vari1","value_formodel ~ days_since_iceout","~1 | park_site","value","0","","","","","","",136,110.3,"vari1",27.44
"log10Chl","days_since_iceout",0.0039,0.00089,135,4.35,2.7e-05,0.3049,-53.11,126.4,106.2,0.07878,0.3993,2,2,"log10Chl_days_since_iceout","vari1","value_formodel ~ days_since_iceout","~1 | park_site","value","","1","","","","","",136,110.3,"vari1",27.44
"log10Chl","(Intercept)",0.14,0.16,135,0.8647,0.39,0.3105,-53.68,127.6,107.4,0.08704,0.3495,2,2,"log10Chl_ice_out_doy","vari1","value_formodel ~ ice_out_doy","~1 | park_site","value","0","","","","","","",136,111.4,"vari1",28.54
"log10Chl","iceout_doy",-0.0035,0.00084,135,-4.214,4.6e-05,0.3105,-53.68,127.6,107.4,0.08704,0.3495,2,2,"log10Chl_ice_out_doy","vari1","value_formodel ~ ice_out_doy","~1 | park_site","value","","1","","","","","",136,111.4,"vari1",28.54
"log10Chl","(Intercept)",-0.37,0.084,135,-4.344,2.7e-05,0.3199,-59.34,138.9,118.7,0.03284,0.3354,2,2,"log10Chl_SWE_May_snotel","vari1","value_formodel ~ SWE_May_snotel","~1 | park_site","value","0","","","","","","",136,122.8,"vari1",39.94
"log10Chl","SWE",-0.001,0.00042,135,-2.364,0.019,0.3199,-59.34,138.9,118.7,0.03284,0.3354,2,2,"log10Chl_SWE_May_snotel","vari1","value_formodel ~ SWE_May_snotel","~1 | park_site","value","","1","","","","","",136,122.8,"vari1",39.94
"log10Chl","(Intercept)",-0.29,0.14,136,-2.126,0.035,0.3245,-60.62,141.5,121.2,0.05593,0.327,2,2,"log10Chl_solar_dec","vari1","value_formodel ~ solar_dec","~1 | park_site","value","0","","","","","","",136,125.3,"vari1",42.44
"log10Chl","solar_dec",-0.00069,0.00039,19,-1.774,0.092,0.3245,-60.62,141.5,121.2,0.05593,0.327,2,2,"log10Chl_solar_dec","vari1","value_formodel ~ solar_dec","~1 | park_site","value","","1","","","","","",136,125.3,"vari1",42.44
"log10Chl","(Intercept)",0.87,1,136,0.8542,0.39,0.3247,-61.21,142.6,122.4,0.03394,0.324,2,2,"log10Chl_solar_jas","vari1","value_formodel ~ solar_jas","~1 | park_site","value","0","","","","","","",136,126.5,"vari1",43.64
"log10Chl","solar_jas",-0.00029,0.00021,19,-1.368,0.19,0.3247,-61.21,142.6,122.4,0.03394,0.324,2,2,"log10Chl_solar_jas","vari1","value_formodel ~ solar_jas","~1 | park_site","value","","1","","","","","",136,126.5,"vari1",43.64
"log10Chl","(Intercept)",-0.51,0.064,135,-7.902,8.6e-13,0.3243,-62.05,144.3,124.1,0.0006615,0.328,2,2,"log10Chl_TDP","vari1","value_formodel ~ TDP","~1 | park_site","value","0","","","","","","",136,128.2,"vari1",45.34
"log10Chl","TDP",-6.2,17,135,-0.3622,0.72,0.3243,-62.05,144.3,124.1,0.0006615,0.328,2,2,"log10Chl_TDP","vari1","value_formodel ~ TDP","~1 | park_site","value","","1","","","","","",136,128.2,"vari1",45.34
"log10Clad","(Intercept)",0.091,0.28,123,0.3189,0.75,0.6752,-171.1,362.1,342.2,0.2959,0.6627,2,2,"log10Clad_Watertemp","vari1","value_formodel ~ Watertemp","~1 | park_site","value","0","","","","","","",154,346.3,"vari1",63.8
"log10Clad","Watertemp",0.15,0.017,123,8.536,4.4e-14,0.6752,-171.1,362.1,342.2,0.2959,0.6627,2,2,"log10Clad_Watertemp","vari1","value_formodel ~ Watertemp","~1 | park_site","value","","1","","","","","",154,346.3,"vari1",63.8
"log10Clad","(Intercept)",1.9,0.26,116,7.46,1.7e-11,0.7613,-186.2,392.1,372.4,0.01543,0.6823,2,2,"log10Clad_Chl","vari1","value_formodel ~ Chl","~1 | park_site","value","0","","","","","","",154,376.5,"vari1",94
"log10Clad","Chl",0.19,0.089,116,2.105,0.037,0.7613,-186.2,392.1,372.4,0.01543,0.6823,2,2,"log10Clad_Chl","vari1","value_formodel ~ Chl","~1 | park_site","value","","1","","","","","",154,376.5,"vari1",94
"log10Clad","(Intercept)",5.2,0.4,153,12.94,2.5e-26,0.6741,-209.1,438.8,418.2,0.1685,0.7178,2,2,"log10Clad_ice_out_doy","vari1","value_formodel ~ ice_out_doy","~1 | park_site","value","0","","","","","","",154,422.3,"vari1",139.8
"log10Clad","iceout_doy",-0.017,0.0018,153,-9.218,2.2e-16,0.6741,-209.1,438.8,418.2,0.1685,0.7178,2,2,"log10Clad_ice_out_doy","vari1","value_formodel ~ ice_out_doy","~1 | park_site","value","","1","","","","","",154,422.3,"vari1",139.8
"log10Clad","(Intercept)",1.2,0.25,152,4.733,5e-06,0.6808,-211.5,443.7,423.1,0.1252,0.7374,2,2,"log10Clad_days_since_iceout","vari1","value_formodel ~ days_since_iceout","~1 | park_site","value","0","","","","","","",154,427.1,"vari1",144.6
"log10Clad","days_since_iceout",0.017,0.0019,152,8.749,3.8e-15,0.6808,-211.5,443.7,423.1,0.1252,0.7374,2,2,"log10Clad_days_since_iceout","vari1","value_formodel ~ days_since_iceout","~1 | park_site","value","","1","","","","","",154,427.1,"vari1",144.6
"log10Clad","(Intercept)",1.8,0.39,132,4.777,4.7e-06,0.8111,-214.5,449.1,429,0.011,0.6596,2,2,"log10Clad_Ca","vari1","value_formodel ~ Ca","~1 | park_site","value","0","","","","","","",154,433.1,"vari1",150.6
"log10Clad","Ca",0.039,0.055,132,0.706,0.48,0.8111,-214.5,449.1,429,0.011,0.6596,2,2,"log10Clad_Ca","vari1","value_formodel ~ Ca","~1 | park_site","value","","1","","","","","",154,433.1,"vari1",150.6
"log10Clad","(Intercept)",3.1,0.3,153,10.64,4e-20,0.7161,-222.1,464.8,444.2,0.1147,0.7457,2,2,"log10Clad_SWE_May_snotel","vari1","value_formodel ~ SWE_May_snotel","~1 | park_site","value","0","","","","","","",154,448.2,"vari1",165.7
"log10Clad","SWE",-0.007,0.00098,153,-7.126,3.8e-11,0.7161,-222.1,464.8,444.2,0.1147,0.7457,2,2,"log10Clad_SWE_May_snotel","vari1","value_formodel ~ SWE_May_snotel","~1 | park_site","value","","1","","","","","",154,448.2,"vari1",165.7
"log10Cope","(Intercept)",3,0.16,116,19.34,4.2e-38,0.4942,-125.2,270.2,250.5,2.02e-05,0.6468,2,2,"log10Cope_Chl","vari1","value_formodel ~ Chl","~1 | park_site","value","0","","","","","","",154,254.6,"vari1",54.8
"log10Cope","Chl",0.0042,0.058,116,0.07242,0.94,0.4942,-125.2,270.2,250.5,2.02e-05,0.6468,2,2,"log10Cope_Chl","vari1","value_formodel ~ Chl","~1 | park_site","value","","1","","","","","",154,254.6,"vari1",54.8
"log10Cope","(Intercept)",3.1,0.22,123,13.82,8.4e-27,0.4763,-126.1,272.1,252.2,0.001446,0.662,2,2,"log10Cope_Watertemp","vari1","value_formodel ~ Watertemp","~1 | park_site","value","0","","","","","","",154,256.2,"vari1",56.4
"log10Cope","Watertemp",-0.0073,0.012,123,-0.5843,0.56,0.4763,-126.1,272.1,252.2,0.001446,0.662,2,2,"log10Cope_Watertemp","vari1","value_formodel ~ Watertemp","~1 | park_site","value","","1","","","","","",154,256.2,"vari1",56.4
"log10Cope","(Intercept)",3,0.22,132,13.53,1e-26,0.488,-135,290.2,270,0.0007939,0.6268,2,2,"log10Cope_Ca","vari1","value_formodel ~ Ca","~1 | park_site","value","0","","","","","","",154,274.1,"vari1",74.3
"log10Cope","Ca",0.006,0.032,132,0.1884,0.85,0.488,-135,290.2,270,0.0007939,0.6268,2,2,"log10Cope_Ca","vari1","value_formodel ~ Ca","~1 | park_site","value","","1","","","","","",154,274.1,"vari1",74.3
"log10Cope","(Intercept)",3.3,0.16,152,20.53,1.1e-45,0.4757,-146.9,314.4,293.8,0.04545,0.6664,2,2,"log10Cope_days_since_iceout","vari1","value_formodel ~ days_since_iceout","~1 | park_site","value","0","","","","","","",154,297.9,"vari1",98.1
"log10Cope","days_since_iceout",-0.0063,0.0013,152,-4.678,6.4e-06,0.4757,-146.9,314.4,293.8,0.04545,0.6664,2,2,"log10Cope_days_since_iceout","vari1","value_formodel ~ days_since_iceout","~1 | park_site","value","","1","","","","","",154,297.9,"vari1",98.1
"log10Cope","(Intercept)",2.6,0.19,153,13.55,5.6e-28,0.4929,-155,330.6,309.9,0.04322,0.689,2,2,"log10Cope_SWE_May_snotel","vari1","value_formodel ~ SWE_May_snotel","~1 | park_site","value","0","","","","","","",154,314,"vari1",114.2
"log10Cope","SWE",0.0027,0.00068,153,3.965,0.00011,0.4929,-155,330.6,309.9,0.04322,0.689,2,2,"log10Cope_SWE_May_snotel","vari1","value_formodel ~ SWE_May_snotel","~1 | park_site","value","","1","","","","","",154,314,"vari1",114.2
"log10Cope","(Intercept)",2.1,0.3,153,7.018,6.9e-11,0.4984,-156.3,333.3,312.7,0.02897,0.6724,2,2,"log10Cope_ice_out_doy","vari1","value_formodel ~ ice_out_doy","~1 | park_site","value","0","","","","","","",154,316.7,"vari1",116.9
"log10Cope","iceout_doy",0.0048,0.0014,153,3.547,0.00052,0.4984,-156.3,333.3,312.7,0.02897,0.6724,2,2,"log10Cope_ice_out_doy","vari1","value_formodel ~ ice_out_doy","~1 | park_site","value","","1","","","","","",154,316.7,"vari1",116.9
"log10Rot","(Intercept)",2.8,0.3,116,9.376,6.9e-16,0.8992,-209.2,438.1,418.4,0.0165,0.6837,2,2,"log10Rot_Chl","vari1","value_formodel ~ Chl","~1 | park_site","value","0","","","","","","",154,422.5,"vari1",54.2
"log10Rot","Chl",0.23,0.1,116,2.182,0.031,0.8992,-209.2,438.1,418.4,0.0165,0.6837,2,2,"log10Rot_Chl","vari1","value_formodel ~ Chl","~1 | park_site","value","","1","","","","","",154,422.5,"vari1",54.2
"log10Rot","(Intercept)",1.5,0.4,123,3.801,0.00023,0.8891,-214.1,448.2,428.2,0.09956,0.6418,2,2,"log10Rot_Watertemp","vari1","value_formodel ~ Watertemp","~1 | park_site","value","0","","","","","","",154,432.3,"vari1",64
"log10Rot","Watertemp",0.11,0.023,123,4.746,5.7e-06,0.8891,-214.1,448.2,428.2,0.09956,0.6418,2,2,"log10Rot_Watertemp","vari1","value_formodel ~ Watertemp","~1 | park_site","value","","1","","","","","",154,432.3,"vari1",64
"log10Rot","(Intercept)",2,0.51,132,3.983,0.00011,0.8929,-234.1,488.4,468.2,0.114,0.7841,2,2,"log10Rot_Ca","vari1","value_formodel ~ Ca","~1 | park_site","value","0","","","","","","",154,472.3,"vari1",104
"log10Rot","Ca",0.17,0.069,132,2.485,0.014,0.8929,-234.1,488.4,468.2,0.114,0.7841,2,2,"log10Rot_Ca","vari1","value_formodel ~ Ca","~1 | park_site","value","","1","","","","","",154,472.3,"vari1",104
"log10Rot","(Intercept)",2.3,0.32,152,7.183,2.8e-11,0.9096,-260.7,542.1,521.5,0.04864,0.6895,2,2,"log10Rot_days_since_iceout","vari1","value_formodel ~ days_since_iceout","~1 | park_site","value","0","","","","","","",154,525.5,"vari1",157.2
"log10Rot","days_since_iceout",0.013,0.0026,152,5.016,1.5e-06,0.9096,-260.7,542.1,521.5,0.04864,0.6895,2,2,"log10Rot_days_since_iceout","vari1","value_formodel ~ days_since_iceout","~1 | park_site","value","","1","","","","","",154,525.5,"vari1",157.2
"log10Rot","(Intercept)",5.5,0.54,153,10.11,1e-18,0.9145,-261.4,543.4,522.8,0.06834,0.6606,2,2,"log10Rot_ice_out_doy","vari1","value_formodel ~ ice_out_doy","~1 | park_site","value","0","","","","","","",154,526.9,"vari1",158.6
"log10Rot","iceout_doy",-0.013,0.0025,153,-5.356,3.1e-07,0.9145,-261.4,543.4,522.8,0.06834,0.6606,2,2,"log10Rot_ice_out_doy","vari1","value_formodel ~ ice_out_doy","~1 | park_site","value","","1","","","","","",154,526.9,"vari1",158.6
"log10Rot","(Intercept)",3.8,0.36,153,10.63,4.1e-20,0.9245,-265.3,551.3,530.6,0.05385,0.6984,2,2,"log10Rot_SWE_May_snotel","vari1","value_formodel ~ SWE_May_snotel","~1 | park_site","value","0","","","","","","",154,534.7,"vari1",166.4
"log10Rot","SWE",-0.0057,0.0013,153,-4.492,1.4e-05,0.9245,-265.3,551.3,530.6,0.05385,0.6984,2,2,"log10Rot_SWE_May_snotel","vari1","value_formodel ~ SWE_May_snotel","~1 | park_site","value","","1","","","","","",154,534.7,"vari1",166.4
"Mg","(Intercept)",0.6,0.079,154,7.564,3.3e-12,0.09546,118.7,-216.7,-237.4,0.01347,0.8979,2,2,"Mg_ice_out_doy","vari1","value_formodel ~ ice_out_doy","~1 | park_site","value","0","","","","","","",176,-233.3,"vari1",8.69999999999999
"Mg","iceout_doy",-0.0011,0.00026,154,-4.324,2.7e-05,0.09546,118.7,-216.7,-237.4,0.01347,0.8979,2,2,"Mg_ice_out_doy","vari1","value_formodel ~ ice_out_doy","~1 | park_site","value","","1","","","","","",176,-233.3,"vari1",8.69999999999999
"Mg","(Intercept)",0.47,0.065,154,7.222,2.2e-11,0.09626,117.5,-214.4,-235.1,0.01529,0.8951,2,2,"Mg_SWE_May_snotel","vari1","value_formodel ~ SWE_May_snotel","~1 | park_site","value","0","","","","","","",176,-231,"vari1",11
"Mg","SWE",-0.00054,0.00013,154,-4.021,9e-05,0.09626,117.5,-214.4,-235.1,0.01529,0.8951,2,2,"Mg_SWE_May_snotel","vari1","value_formodel ~ SWE_May_snotel","~1 | park_site","value","","1","","","","","",176,-231,"vari1",11
"Mg","(Intercept)",0.34,0.065,154,5.197,6.3e-07,0.09737,115.1,-209.6,-230.2,0.007038,0.8979,2,2,"Mg_days_since_iceout","vari1","value_formodel ~ days_since_iceout","~1 | park_site","value","0","","","","","","",176,-226.2,"vari1",15.8
"Mg","days_since_iceout",0.00094,0.00028,154,3.326,0.0011,0.09737,115.1,-209.6,-230.2,0.007038,0.8979,2,2,"Mg_days_since_iceout","vari1","value_formodel ~ days_since_iceout","~1 | park_site","value","","1","","","","","",176,-226.2,"vari1",15.8
"Mg","(Intercept)",0.65,0.21,155,3.108,0.0022,0.1009,110.6,-200.5,-221.2,0.07118,0.8896,2,2,"Mg_hydro","vari1","value_formodel ~ hydro","~1 | park_site","value","0","","","","","","",176,-217.1,"vari1",24.9
"Mg","hydro",-0.12,0.092,19,-1.321,0.2,0.1009,110.6,-200.5,-221.2,0.07118,0.8896,2,2,"Mg_hydro","vari1","value_formodel ~ hydro","~1 | park_site","value","","1","","","","","",176,-217.1,"vari1",24.9
"Mg","(Intercept)",0.37,0.075,155,4.994,1.6e-06,0.1009,109.8,-198.9,-219.6,0.005089,0.8894,2,2,"Mg_graywacke","vari1","value_formodel ~ graywacke","~1 | park_site","value","0","","","","","","",176,-215.5,"vari1",26.5
"Mg","graywacke",0.00048,0.0014,19,0.3429,0.74,0.1009,109.8,-198.9,-219.6,0.005089,0.8894,2,2,"Mg_graywacke","vari1","value_formodel ~ graywacke","~1 | park_site","value","","1","","","","","",176,-215.5,"vari1",26.5
"Mg","(Intercept)",0.4,0.088,155,4.545,1.1e-05,0.1009,109.8,-198.8,-219.5,0.002581,0.8894,2,2,"Mg_Volume_m3","vari1","value_formodel ~ Volume_m3","~1 | park_site","value","0","","","","","","",176,-215.4,"vari1",26.6
"Mg","volume",-1.8e-07,7.2e-07,19,-0.2517,0.8,0.1009,109.8,-198.8,-219.5,0.002581,0.8894,2,2,"Mg_Volume_m3","vari1","value_formodel ~ Volume_m3","~1 | park_site","value","","1","","","","","",176,-215.4,"vari1",26.6
"Na","(Intercept)",1.2,0.1,154,11.97,9.2e-24,0.1542,42.87,-65.06,-85.74,0.04998,0.8008,2,2,"Na_ice_out_doy","vari1","value_formodel ~ ice_out_doy","~1 | park_site","value","0","","","","","","",176,-81.67,"vari1",4.94
"Na","iceout_doy",-0.0025,0.00042,154,-5.974,1.5e-08,0.1542,42.87,-65.06,-85.74,0.04998,0.8008,2,2,"Na_ice_out_doy","vari1","value_formodel ~ ice_out_doy","~1 | park_site","value","","1","","","","","",176,-81.67,"vari1",4.94
"Na","(Intercept)",0.96,0.078,154,12.3,1.2e-24,0.1535,42.29,-63.9,-84.58,0.05528,0.8209,2,2,"Na_SWE_May_snotel","vari1","value_formodel ~ SWE_May_snotel","~1 | park_site","value","0","","","","","","",176,-80.51,"vari1",6.09999999999999
"Na","SWE",-0.0012,0.00021,154,-5.875,2.5e-08,0.1535,42.29,-63.9,-84.58,0.05528,0.8209,2,2,"Na_SWE_May_snotel","vari1","value_formodel ~ SWE_May_snotel","~1 | park_site","value","","1","","","","","",176,-80.51,"vari1",6.09999999999999
"Na","(Intercept)",0.65,0.076,154,8.599,8.5e-15,0.158,37.37,-54.06,-74.75,0.02679,0.814,2,2,"Na_days_since_iceout","vari1","value_formodel ~ days_since_iceout","~1 | park_site","value","0","","","","","","",176,-70.68,"vari1",15.93
"Na","days_since_iceout",0.0022,0.00046,154,4.812,3.5e-06,0.158,37.37,-54.06,-74.75,0.02679,0.814,2,2,"Na_days_since_iceout","vari1","value_formodel ~ days_since_iceout","~1 | park_site","value","","1","","","","","",176,-70.68,"vari1",15.93
"Na","(Intercept)",1.1,0.24,155,4.389,2.1e-05,0.1694,27.24,-33.81,-54.49,0.05995,0.7876,2,2,"Na_hydro","vari1","value_formodel ~ hydro","~1 | park_site","value","0","","","","","","",176,-50.42,"vari1",36.19
"Na","hydro",-0.13,0.11,19,-1.274,0.22,0.1694,27.24,-33.81,-54.49,0.05995,0.7876,2,2,"Na_hydro","vari1","value_formodel ~ hydro","~1 | park_site","value","","1","","","","","",176,-50.42,"vari1",36.19
"Na","(Intercept)",0.71,0.1,155,7.053,5.4e-11,0.1694,26.81,-32.95,-53.63,0.02595,0.7872,2,2,"Na_Volume_m3","vari1","value_formodel ~ Volume_m3","~1 | park_site","value","0","","","","","","",176,-49.56,"vari1",37.05
"Na","volume",6.9e-07,8.1e-07,19,0.8527,0.4,0.1694,26.81,-32.95,-53.63,0.02595,0.7872,2,2,"Na_Volume_m3","vari1","value_formodel ~ Volume_m3","~1 | park_site","value","","1","","","","","",176,-49.56,"vari1",37.05
"Na","(Intercept)",0.77,0.086,155,8.944,1.1e-15,0.1694,26.46,-32.23,-52.91,0.000232,0.7873,2,2,"Na_graywacke","vari1","value_formodel ~ graywacke","~1 | park_site","value","0","","","","","","",176,-48.84,"vari1",37.77
"Na","graywacke",-0.00012,0.0016,19,-0.07694,0.94,0.1694,26.46,-32.23,-52.91,0.000232,0.7873,2,2,"Na_graywacke","vari1","value_formodel ~ graywacke","~1 | park_site","value","","1","","","","","",176,-48.84,"vari1",37.77
"pH","(Intercept)",7.7,0.14,143,54.86,6e-98,0.4765,-132.5,285.4,265,0.1388,0.5201,2,2,"pH_SWE_May_snotel","vari1","value_formodel ~ SWE_May_snotel","~1 | park_site","value","0","","","","","","",165,269.1,"vari1",0
"pH","SWE",-0.0037,0.00064,143,-5.72,6e-08,0.4765,-132.5,285.4,265,0.1388,0.5201,2,2,"pH_SWE_May_snotel","vari1","value_formodel ~ SWE_May_snotel","~1 | park_site","value","","1","","","","","",165,269.1,"vari1",0
"pH","(Intercept)",8.4,0.27,143,30.89,3.8e-65,0.4731,-135.6,291.6,271.2,0.07367,0.5908,2,2,"pH_ice_out_doy","vari1","value_formodel ~ ice_out_doy","~1 | park_site","value","0","","","","","","",165,275.3,"vari1",6.19999999999999
"pH","iceout_doy",-0.0064,0.0013,143,-4.96,2e-06,0.4731,-135.6,291.6,271.2,0.07367,0.5908,2,2,"pH_ice_out_doy","vari1","value_formodel ~ ice_out_doy","~1 | park_site","value","","1","","","","","",165,275.3,"vari1",6.19999999999999
"pH","(Intercept)",6.9,0.15,143,47.3,3.3e-89,0.4804,-138.3,297.1,276.7,0.05045,0.5853,2,2,"pH_days_since_iceout","vari1","value_formodel ~ days_since_iceout","~1 | park_site","value","0","","","","","","",165,280.8,"vari1",11.7
"pH","days_since_iceout",0.006,0.0014,143,4.303,3.1e-05,0.4804,-138.3,297.1,276.7,0.05045,0.5853,2,2,"pH_days_since_iceout","vari1","value_formodel ~ days_since_iceout","~1 | park_site","value","","1","","","","","",165,280.8,"vari1",11.7
"pH","(Intercept)",7.1,0.14,144,48.95,1.2e-91,0.5109,-146.7,313.8,293.3,0.02655,0.528,2,2,"pH_graywacke","vari1","value_formodel ~ graywacke","~1 | park_site","value","0","","","","","","",165,297.4,"vari1",28.3
"pH","graywacke",0.0027,0.0027,19,0.9876,0.34,0.5109,-146.7,313.8,293.3,0.02655,0.528,2,2,"pH_graywacke","vari1","value_formodel ~ graywacke","~1 | park_site","value","","1","","","","","",165,297.4,"vari1",28.3
"pH","(Intercept)",7.4,0.43,144,17.25,7.3e-37,0.5109,-147,314.4,294,0.008497,0.528,2,2,"pH_hydro","vari1","value_formodel ~ hydro","~1 | park_site","value","0","","","","","","",165,298.1,"vari1",29
"pH","hydro",-0.1,0.19,19,-0.5361,0.6,0.5109,-147,314.4,294,0.008497,0.528,2,2,"pH_hydro","vari1","value_formodel ~ hydro","~1 | park_site","value","","1","","","","","",165,298.1,"vari1",29
"pH","(Intercept)",7.2,0.17,144,41.47,5.9e-82,0.5109,-147,314.5,294.1,0.005959,0.5278,2,2,"pH_Volume_m3","vari1","value_formodel ~ Volume_m3","~1 | park_site","value","0","","","","","","",165,298.2,"vari1",29.1
"pH","volume",-6.6e-07,1.4e-06,19,-0.4664,0.65,0.5109,-147,314.5,294.1,0.005959,0.5278,2,2,"pH_Volume_m3","vari1","value_formodel ~ Volume_m3","~1 | park_site","value","","1","","","","","",165,298.2,"vari1",29.1
"Rot","(Intercept)",28000,14000,116,2.041,0.044,86120,-1776,3571,3552,0.02384,0.262,2,2,"Rot_Chl","vari1","value_formodel ~ Chl","~1 | park_site","value","0","","","","","","",154,3556,"vari1",324
"Rot","Chl",17000,9400,116,1.832,0.07,86120,-1776,3571,3552,0.02384,0.262,2,2,"Rot_Chl","vari1","value_formodel ~ Chl","~1 | park_site","value","","1","","","","","",154,3556,"vari1",324
"Rot","(Intercept)",-23000,29000,123,-0.7893,0.43,84530,-1862,3743,3723,0.03868,0.2437,2,2,"Rot_Watertemp","vari1","value_formodel ~ Watertemp","~1 | park_site","value","0","","","","","","",154,3728,"vari1",496
"Rot","Watertemp",4500,2000,123,2.243,0.027,84530,-1862,3743,3723,0.03868,0.2437,2,2,"Rot_Watertemp","vari1","value_formodel ~ Watertemp","~1 | park_site","value","","1","","","","","",154,3728,"vari1",496
"Rot","(Intercept)",30000,22000,132,1.359,0.18,92770,-1992,4004,3984,0.003491,0.2273,2,2,"Rot_Ca","vari1","value_formodel ~ Ca","~1 | park_site","value","0","","","","","","",154,3988,"vari1",756
"Rot","Ca",1700,3400,132,0.4896,0.63,92770,-1992,4004,3984,0.003491,0.2273,2,2,"Rot_Ca","vari1","value_formodel ~ Ca","~1 | park_site","value","","1","","","","","",154,3988,"vari1",756
"Rot","(Intercept)",24000,18000,152,1.368,0.17,88000,-2240,4501,4481,0.005112,0.2219,2,2,"Rot_days_since_iceout","vari1","value_formodel ~ days_since_iceout","~1 | park_site","value","0","","","","","","",154,4485,"vari1",1253
"Rot","days_since_iceout",260,250,152,1.037,0.3,88000,-2240,4501,4481,0.005112,0.2219,2,2,"Rot_days_since_iceout","vari1","value_formodel ~ days_since_iceout","~1 | park_site","value","","1","","","","","",154,4485,"vari1",1253
"Rot","(Intercept)",1e+05,45000,153,2.251,0.026,87830,-2252,4525,4505,0.0115,0.2116,2,2,"Rot_ice_out_doy","vari1","value_formodel ~ ice_out_doy","~1 | park_site","value","0","","","","","","",154,4509,"vari1",1277
"Rot","iceout_doy",-350,230,153,-1.482,0.14,87830,-2252,4525,4505,0.0115,0.2116,2,2,"Rot_ice_out_doy","vari1","value_formodel ~ ice_out_doy","~1 | park_site","value","","1","","","","","",154,4509,"vari1",1277
"Rot","(Intercept)",43000,21000,153,2.01,0.046,87970,-2253,4527,4507,0.0006613,0.22,2,2,"Rot_SWE_May_snotel","vari1","value_formodel ~ SWE_May_snotel","~1 | park_site","value","0","","","","","","",154,4511,"vari1",1279
"Rot","SWE",-37,110,153,-0.3302,0.74,87970,-2253,4527,4507,0.0006613,0.22,2,2,"Rot_SWE_May_snotel","vari1","value_formodel ~ SWE_May_snotel","~1 | park_site","value","","1","","","","","",154,4511,"vari1",1279
"Secchi","(Intercept)",7.7,0.7,109,10.98,2.5e-19,1.175,-247,513.5,494,0.01066,0.8789,2,2,"Secchi_Chl","vari1","value_formodel ~ Chl","~1 | park_site","value","0","","","","","","",158,498.1,"vari1",24.4
"Secchi","Chl",-0.38,0.15,109,-2.564,0.012,1.175,-247,513.5,494,0.01066,0.8789,2,2,"Secchi_Chl","vari1","value_formodel ~ Chl","~1 | park_site","value","","1","","","","","",158,498.1,"vari1",24.4
"Secchi","(Intercept)",6.2,0.74,136,8.413,4.9e-14,0.993,-268.8,557.9,537.7,0.03309,0.9153,2,2,"Secchi_SWE_May_snotel","vari1","value_formodel ~ SWE_May_snotel","~1 | park_site","value","0","","","","","","",158,541.8,"vari1",68.1
"Secchi","SWE",0.0089,0.0014,136,6.245,5.1e-09,0.993,-268.8,557.9,537.7,0.03309,0.9153,2,2,"Secchi_SWE_May_snotel","vari1","value_formodel ~ SWE_May_snotel","~1 | park_site","value","","1","","","","","",158,541.8,"vari1",68.1
"Secchi","(Intercept)",4.3,0.89,136,4.854,3.3e-06,0.9977,-269.7,559.7,539.5,0.0243,0.9157,2,2,"Secchi_ice_out_doy","vari1","value_formodel ~ ice_out_doy","~1 | park_site","value","0","","","","","","",158,543.6,"vari1",69.9
"Secchi","iceout_doy",0.017,0.0029,136,6.071,1.2e-08,0.9977,-269.7,559.7,539.5,0.0243,0.9157,2,2,"Secchi_ice_out_doy","vari1","value_formodel ~ ice_out_doy","~1 | park_site","value","","1","","","","","",158,543.6,"vari1",69.9
"Secchi","(Intercept)",8.5,0.72,136,11.68,2.9e-22,1.013,-271.6,563.4,543.1,0.02011,0.9108,2,2,"Secchi_days_since_iceout","vari1","value_formodel ~ days_since_iceout","~1 | park_site","value","0","","","","","","",158,547.2,"vari1",73.5000000000001
"Secchi","days_since_iceout",-0.017,0.0031,136,-5.679,7.9e-08,1.013,-271.6,563.4,543.1,0.02011,0.9108,2,2,"Secchi_days_since_iceout","vari1","value_formodel ~ days_since_iceout","~1 | park_site","value","","1","","","","","",158,547.2,"vari1",73.5000000000001
"Secchi","(Intercept)",6.4,2.5,137,2.618,0.0098,1.125,-286.1,592.5,572.3,0.01006,0.8923,2,2,"Secchi_hydro","vari1","value_formodel ~ hydro","~1 | park_site","value","0","","","","","","",158,576.4,"vari1",102.7
"Secchi","hydro",0.52,1.1,19,0.4836,0.63,1.125,-286.1,592.5,572.3,0.01006,0.8923,2,2,"Secchi_hydro","vari1","value_formodel ~ hydro","~1 | park_site","value","","1","","","","","",158,576.4,"vari1",102.7
"SO4","(Intercept)",1.9,0.76,155,2.518,0.013,1.317,-323.1,666.9,646.3,0.02306,0.5509,2,2,"SO4_SO4_dep_2000_2009","vari1","value_formodel ~ SO4_dep_2000_2009","~1 | park_site","value","0","","","","","","",176,650.3,"vari1",0
"SO4","SO4_dep_2000_2009",-0.12,0.13,19,-0.904,0.38,1.317,-323.1,666.9,646.3,0.02306,0.5509,2,2,"SO4_SO4_dep_2000_2009","vari1","value_formodel ~ SO4_dep_2000_2009","~1 | park_site","value","","1","","","","","",176,650.3,"vari1",0
"SO4","(Intercept)",1.5,0.43,154,3.433,0.00077,1.314,-323.3,667.2,646.5,0.00211,0.5533,2,2,"SO4_SWE_May_snotel","vari1","value_formodel ~ SWE_May_snotel","~1 | park_site","value","0","","","","","","",176,650.6,"vari1",0.300000000000068
"SO4","SWE",-0.0013,0.0018,154,-0.7397,0.46,1.314,-323.3,667.2,646.5,0.00211,0.5533,2,2,"SO4_SWE_May_snotel","vari1","value_formodel ~ SWE_May_snotel","~1 | park_site","value","","1","","","","","",176,650.6,"vari1",0.300000000000068
"SO4","(Intercept)",0.87,1.2,155,0.7571,0.45,1.317,-323.5,667.6,646.9,0.004132,0.5509,2,2,"SO4_hydro","vari1","value_formodel ~ hydro","~1 | park_site","value","0","","","","","","",176,651,"vari1",0.700000000000045
"SO4","hydro",0.19,0.5,19,0.3748,0.71,1.317,-323.5,667.6,646.9,0.004132,0.5509,2,2,"SO4_hydro","vari1","value_formodel ~ hydro","~1 | park_site","value","","1","","","","","",176,651,"vari1",0.700000000000045
"SO4","(Intercept)",1.3,0.39,154,3.357,0.00099,1.317,-323.5,667.8,647.1,1.136e-05,0.5506,2,2,"SO4_days_since_iceout","vari1","value_formodel ~ days_since_iceout","~1 | park_site","value","0","","","","","","",176,651.1,"vari1",0.800000000000068
"SO4","days_since_iceout",-0.00024,0.0038,154,-0.06392,0.95,1.317,-323.5,667.8,647.1,1.136e-05,0.5506,2,2,"SO4_days_since_iceout","vari1","value_formodel ~ days_since_iceout","~1 | park_site","value","","1","","","","","",176,651.1,"vari1",0.800000000000068
"SO4","(Intercept)",1.3,0.75,154,1.698,0.091,1.317,-323.5,667.8,647.1,1.737e-06,0.5509,2,2,"SO4_ice_out_doy","vari1","value_formodel ~ ice_out_doy","~1 | park_site","value","0","","","","","","",176,651.1,"vari1",0.800000000000068
"SO4","iceout_doy",8.5e-05,0.0036,154,0.02362,0.98,1.317,-323.5,667.8,647.1,1.737e-06,0.5509,2,2,"SO4_ice_out_doy","vari1","value_formodel ~ ice_out_doy","~1 | park_site","value","","1","","","","","",176,651.1,"vari1",0.800000000000068
"SWE","(Intercept)",-160,19,155,-8.365,3.3e-14,30.65,-887.8,1796,1776,0.4657,0.8293,2,2,"SWE_ice_out_doy","vari1","value_formodel ~ ice_out_doy","~1 | park_site","value","0","","","","","","",177,1780,"vari1",2
"SWE","iceout_doy",1.7,0.084,155,19.81,2.6e-44,30.65,-887.8,1796,1776,0.4657,0.8293,2,2,"SWE_ice_out_doy","vari1","value_formodel ~ ice_out_doy","~1 | park_site","value","","1","","","","","",177,1780,"vari1",2
"SWE","(Intercept)",130,23,156,5.664,7e-08,57.94,-984.2,1989,1968,0.01893,0.2782,2,2,"SWE_solar_dec","vari1","value_formodel ~ solar_dec","~1 | park_site","value","0","","","","","","",177,1973,"vari1",195
"SWE","solar_dec",0.07,0.066,19,1.058,0.3,57.94,-984.2,1989,1968,0.01893,0.2782,2,2,"SWE_solar_dec","vari1","value_formodel ~ solar_dec","~1 | park_site","value","","1","","","","","",177,1973,"vari1",195
"SWE","(Intercept)",-8.1,170,156,-0.04855,0.96,57.93,-984.3,1989,1969,0.01625,0.2786,2,2,"SWE_solar_jas","vari1","value_formodel ~ solar_jas","~1 | park_site","value","0","","","","","","",177,1973,"vari1",195
"SWE","solar_jas",0.034,0.035,19,0.9745,0.34,57.93,-984.3,1989,1969,0.01625,0.2786,2,2,"SWE_solar_jas","vari1","value_formodel ~ solar_jas","~1 | park_site","value","","1","","","","","",177,1973,"vari1",195
"TDN","(Intercept)",0.13,0.011,154,12.06,5.3e-24,0.01881,424.6,-828.5,-849.1,0.1959,0.6312,2,2,"TDN_ice_out_doy","vari1","value_formodel ~ ice_out_doy","~1 | park_site","value","0","","","","","","",176,-845.1,"vari1",28.5
"TDN","iceout_doy",-0.00045,5.1e-05,154,-8.754,3.4e-15,0.01881,424.6,-828.5,-849.1,0.1959,0.6312,2,2,"TDN_ice_out_doy","vari1","value_formodel ~ ice_out_doy","~1 | park_site","value","","1","","","","","",176,-845.1,"vari1",28.5
"TDN","(Intercept)",0.022,0.0059,154,3.715,0.00028,0.01904,420.6,-820.4,-841.1,0.1445,0.6491,2,2,"TDN_days_since_iceout","vari1","value_formodel ~ days_since_iceout","~1 | park_site","value","0","","","","","","",176,-837.1,"vari1",36.5
"TDN","days_since_iceout",0.00045,5.5e-05,154,8.153,1.2e-13,0.01904,420.6,-820.4,-841.1,0.1445,0.6491,2,2,"TDN_days_since_iceout","vari1","value_formodel ~ days_since_iceout","~1 | park_site","value","","1","","","","","",176,-837.1,"vari1",36.5
"TDN","(Intercept)",0.077,0.0065,154,11.96,9.7e-24,0.01917,420.2,-819.7,-840.4,0.1952,0.6532,2,2,"TDN_SWE_May_snotel","vari1","value_formodel ~ SWE_May_snotel","~1 | park_site","value","0","","","","","","",176,-836.3,"vari1",37.3000000000001
"TDN","SWE",-0.00021,2.6e-05,154,-8.062,2e-13,0.01917,420.2,-819.7,-840.4,0.1952,0.6532,2,2,"TDN_SWE_May_snotel","vari1","value_formodel ~ SWE_May_snotel","~1 | park_site","value","","1","","","","","",176,-836.3,"vari1",37.3000000000001
"TDN","(Intercept)",0.019,0.0058,155,3.309,0.0012,0.02279,402,-783.2,-803.9,0.3435,0.5066,2,2,"TDN_forest","vari1","value_formodel ~ forest","~1 | park_site","value","0","","","","","","",176,-799.8,"vari1",73.8000000000001
"TDN","forest",0.00072,0.00013,19,5.529,2.5e-05,0.02279,402,-783.2,-803.9,0.3435,0.5066,2,2,"TDN_forest","vari1","value_formodel ~ forest","~1 | park_site","value","","1","","","","","",176,-799.8,"vari1",73.8000000000001
"TDN","(Intercept)",0.026,0.016,155,1.646,0.1,0.02278,393.3,-765.9,-786.6,0.03747,0.4985,2,2,"TDN_NH4_dep_2000_2009","vari1","value_formodel ~ NH4_dep_2000_2009","~1 | park_site","value","0","","","","","","",176,-782.5,"vari1",91.1
"TDN","NH4_dep_2000_2009",0.025,0.021,19,1.221,0.24,0.02278,393.3,-765.9,-786.6,0.03747,0.4985,2,2,"TDN_NH4_dep_2000_2009","vari1","value_formodel ~ NH4_dep_2000_2009","~1 | park_site","value","","1","","","","","",176,-782.5,"vari1",91.1
"TDN","(Intercept)",0.039,0.021,155,1.881,0.062,0.02277,392.6,-764.5,-785.2,0.002144,0.4995,2,2,"TDN_N_dep_2000_2009","vari1","value_formodel ~ N_dep_2000_2009","~1 | park_site","value","0","","","","","","",176,-781.1,"vari1",92.5
"TDN","N_dep_2000_2009",0.0033,0.012,19,0.2839,0.78,0.02277,392.6,-764.5,-785.2,0.002144,0.4995,2,2,"TDN_N_dep_2000_2009","vari1","value_formodel ~ N_dep_2000_2009","~1 | park_site","value","","1","","","","","",176,-781.1,"vari1",92.5
"TDN","(Intercept)",0.045,0.017,155,2.696,0.0078,0.02277,392.6,-764.4,-785.1,5.039e-06,0.4998,2,2,"TDN_NO3_dep_2000_2009","vari1","value_formodel ~ NO3_dep_2000_2009","~1 | park_site","value","0","","","","","","",176,-781,"vari1",92.6
"TDN","NO3_dep_2000_2009",4.9e-05,0.0036,19,0.01363,0.99,0.02277,392.6,-764.4,-785.1,5.039e-06,0.4998,2,2,"TDN_NO3_dep_2000_2009","vari1","value_formodel ~ NO3_dep_2000_2009","~1 | park_site","value","","1","","","","","",176,-781,"vari1",92.6
"TDP","(Intercept)",0.0028,3e-04,154,9.165,3e-16,0.001561,885.9,-1751,-1772,0.05698,0.07686,2,2,"TDP_SWE_May_snotel","vari1","value_formodel ~ SWE_May_snotel","~1 | park_site","value","0","","","","","","",176,-1768,"vari1",0
"TDP","SWE",-5.7e-06,1.8e-06,154,-3.178,0.0018,0.001561,885.9,-1751,-1772,0.05698,0.07686,2,2,"TDP_SWE_May_snotel","vari1","value_formodel ~ SWE_May_snotel","~1 | park_site","value","","1","","","","","",176,-1768,"vari1",0
"TDP","(Intercept)",0.0041,0.00075,154,5.387,2.6e-07,0.001546,885.3,-1750,-1771,0.0476,0.09883,2,2,"TDP_ice_out_doy","vari1","value_formodel ~ ice_out_doy","~1 | park_site","value","0","","","","","","",176,-1766,"vari1",2
"TDP","iceout_doy",-1.2e-05,4e-06,154,-2.933,0.0039,0.001546,885.3,-1750,-1771,0.0476,0.09883,2,2,"TDP_ice_out_doy","vari1","value_formodel ~ ice_out_doy","~1 | park_site","value","","1","","","","","",176,-1766,"vari1",2
"TDP","(Intercept)",0.0014,0.00026,154,5.179,6.9e-07,0.001566,883.8,-1747,-1768,0.03052,0.07086,2,2,"TDP_days_since_iceout","vari1","value_formodel ~ days_since_iceout","~1 | park_site","value","0","","","","","","",176,-1764,"vari1",4
"TDP","days_since_iceout",1e-05,4.4e-06,154,2.362,0.019,0.001566,883.8,-1747,-1768,0.03052,0.07086,2,2,"TDP_days_since_iceout","vari1","value_formodel ~ days_since_iceout","~1 | park_site","value","","1","","","","","",176,-1764,"vari1",4
"TDP","(Intercept)",0.0017,0.00024,155,7.27,1.7e-11,0.00159,881.5,-1742,-1763,0.006021,0.04278,2,2,"TDP_forest","vari1","value_formodel ~ forest","~1 | park_site","value","0","","","","","","",176,-1759,"vari1",9
"TDP","forest",4.7e-06,5.3e-06,19,0.8995,0.38,0.00159,881.5,-1742,-1763,0.006021,0.04278,2,2,"TDP_forest","vari1","value_formodel ~ forest","~1 | park_site","value","","1","","","","","",176,-1759,"vari1",9
"TDP","(Intercept)",0.0023,0.00048,155,4.686,6e-06,0.001591,881.4,-1742,-1763,0.004743,0.04224,2,2,"TDP_hydro","vari1","value_formodel ~ hydro","~1 | park_site","value","0","","","","","","",176,-1759,"vari1",9
"TDP","hydro",-0.00017,0.00021,19,-0.8014,0.43,0.001591,881.4,-1742,-1763,0.004743,0.04224,2,2,"TDP_hydro","vari1","value_formodel ~ hydro","~1 | park_site","value","","1","","","","","",176,-1759,"vari1",9
"TDP","(Intercept)",0.0017,0.00036,155,4.844,3.1e-06,0.001591,881.2,-1742,-1762,0.001499,0.04174,2,2,"TDP_Depth_mean_m","vari1","value_formodel ~ Depth_mean_m","~1 | park_site","value","0","","","","","","",176,-1758,"vari1",10
"TDP","depthmean",4.1e-05,9.2e-05,19,0.4468,0.66,0.001591,881.2,-1742,-1762,0.001499,0.04174,2,2,"TDP_Depth_mean_m","vari1","value_formodel ~ Depth_mean_m","~1 | park_site","value","","1","","","","","",176,-1758,"vari1",10
"Watertemp","(Intercept)",27,1.4,146,18.8,8.1e-41,2.589,-419.2,858.9,838.4,0.2983,0.6123,2,2,"Watertemp_ice_out_doy","vari1","value_formodel ~ ice_out_doy","~1 | park_site","value","0","","","","","","",168,842.5,"vari1",3.10000000000002
"Watertemp","iceout_doy",-0.073,0.0071,146,-10.36,3.5e-19,2.589,-419.2,858.9,838.4,0.2983,0.6123,2,2,"Watertemp_ice_out_doy","vari1","value_formodel ~ ice_out_doy","~1 | park_site","value","","1","","","","","",168,842.5,"vari1",3.10000000000002
"Watertemp","(Intercept)",11,0.81,146,13.14,1.6e-26,3.044,-447.3,915.1,894.6,0.09219,0.5196,2,2,"Watertemp_days_since_iceout","vari1","value_formodel ~ days_since_iceout","~1 | park_site","value","0","","","","","","",168,898.7,"vari1",59.3000000000001
"Watertemp","days_since_iceout",0.048,0.0089,146,5.453,2.1e-07,3.044,-447.3,915.1,894.6,0.09219,0.5196,2,2,"Watertemp_days_since_iceout","vari1","value_formodel ~ days_since_iceout","~1 | park_site","value","","1","","","","","",168,898.7,"vari1",59.3000000000001
"Watertemp","(Intercept)",17,0.96,146,17.39,2.1e-37,3.017,-447.4,915.2,894.7,0.117,0.5703,2,2,"Watertemp_SWE_May_snotel","vari1","value_formodel ~ SWE_May_snotel","~1 | park_site","value","0","","","","","","",168,898.8,"vari1",59.4
"Watertemp","SWE",-0.023,0.0041,146,-5.499,1.7e-07,3.017,-447.4,915.2,894.7,0.117,0.5703,2,2,"Watertemp_SWE_May_snotel","vari1","value_formodel ~ SWE_May_snotel","~1 | park_site","value","","1","","","","","",168,898.8,"vari1",59.4
"Watertemp","(Intercept)",16,2.3,147,7.045,6.7e-11,3.334,-460.2,941,920.5,0.03939,0.4298,2,2,"Watertemp_hydro","vari1","value_formodel ~ hydro","~1 | park_site","value","0","","","","","","",168,924.5,"vari1",85.1
"Watertemp","hydro",-1.3,0.99,19,-1.296,0.21,3.334,-460.2,941,920.5,0.03939,0.4298,2,2,"Watertemp_hydro","vari1","value_formodel ~ hydro","~1 | park_site","value","","1","","","","","",168,924.5,"vari1",85.1
"Watertemp","(Intercept)",0.89,13,147,0.07066,0.94,3.334,-460.6,941.7,921.2,0.02205,0.4289,2,2,"Watertemp_solar_jas","vari1","value_formodel ~ solar_jas","~1 | park_site","value","0","","","","","","",168,925.2,"vari1",85.8000000000001
"Watertemp","solar_jas",0.0026,0.0027,19,0.9739,0.34,3.334,-460.6,941.7,921.2,0.02205,0.4289,2,2,"Watertemp_solar_jas","vari1","value_formodel ~ solar_jas","~1 | park_site","value","","1","","","","","",168,925.2,"vari1",85.8000000000001
"Watertemp","(Intercept)",14,1.8,147,7.928,5.1e-13,3.333,-460.9,942.2,921.7,0.009239,0.4303,2,2,"Watertemp_solar_dec","vari1","value_formodel ~ solar_dec","~1 | park_site","value","0","","","","","","",168,925.8,"vari1",86.4
"Watertemp","solar_dec",-0.0031,0.0051,19,-0.6163,0.55,3.333,-460.9,942.2,921.7,0.009239,0.4303,2,2,"Watertemp_solar_dec","vari1","value_formodel ~ solar_dec","~1 | park_site","value","","1","","","","","",168,925.8,"vari1",86.4
"Watertemp","(Intercept)",13,0.96,147,13.49,1.7e-27,3.334,-461,942.4,921.9,0.004442,0.4295,2,2,"Watertemp_Volume_m3","vari1","value_formodel ~ Volume_m3","~1 | park_site","value","0","","","","","","",168,926,"vari1",86.6
"Watertemp","volume",3.4e-06,7.8e-06,19,0.4361,0.67,3.334,-461,942.4,921.9,0.004442,0.4295,2,2,"Watertemp_Volume_m3","vari1","value_formodel ~ Volume_m3","~1 | park_site","value","","1","","","","","",168,926,"vari1",86.6
