"variable","snowyr","model","term","val","std.error","pval","AICc","AICcdiff"
"Ca","hi","2_567","outlet",-0.882,0.207,0.000136,556,0
"Ca","hi","2_567","tholeiite",1.59,0.522,0.00419,556,0
"Ca","lo","2_567","outlet",1.19,0.207,1.4e-06,556,0
"Ca","lo","2_567","tholeiite",-0.174,0.522,0.741,556,0
"Ca","mid","2_567","outlet",-0.0371,0.0719,0.609,556,0
"Ca","mid","2_567","tholeiite",-0.138,0.166,0.41,556,0
"Ca","hi","2_48","Volume_m3",3.45e-06,1.93e-06,0.0826,557,1
"Ca","hi","2_48","Watershed_area_ha",-0.012,0.00331,0.000896,557,1
"Ca","lo","2_48","Volume_m3",-4.79e-06,1.93e-06,0.0179,557,1
"Ca","lo","2_48","Watershed_area_ha",0.0208,0.00331,2.51e-07,557,1
"Ca","mid","2_48","Volume_m3",1.67e-07,6.98e-07,0.813,557,1
"Ca","mid","2_48","Watershed_area_ha",-0.00105,0.00115,0.369,557,1
"Chlorophyll","hi","2_626","Cl_dep_1985_1989",0.00356,0.0124,0.776,479,0
"Chlorophyll","hi","2_626","biotitegneiss",-0.00897,0.00615,0.154,479,0
"Chlorophyll","hi","2_657","Cl_dep_1990_1999",0.00294,0.0105,0.781,479,0
"Chlorophyll","hi","2_657","biotitegneiss",-0.00898,0.00616,0.153,479,0
"Chlorophyll","lo","2_657","Cl_dep_1990_1999",0.0463,0.0105,8.7e-05,479,0
"Chlorophyll","lo","2_657","biotitegneiss",0.0196,0.00616,0.00296,479,0
"Chlorophyll","lo","2_626","biotitegneiss",0.0199,0.00615,0.00262,479,0
"Chlorophyll","lo","2_626","Cl_dep_1985_1989",0.0548,0.0124,8.51e-05,479,0
"Chlorophyll","mid","2_626","biotitegneiss",-0.00141,0.00225,0.534,479,0
"Chlorophyll","mid","2_657","Cl_dep_1990_1999",-0.00756,0.00412,0.0746,479,0
"Chlorophyll","mid","2_657","biotitegneiss",-0.00137,0.00225,0.547,479,0
"Chlorophyll","mid","2_626","Cl_dep_1985_1989",-0.00889,0.00485,0.0747,479,0
"Chlorophyll","hi","2_73","NH4_dep_2000_2009",-0.489,0.337,0.156,480,1
"Chlorophyll","hi","2_924","NO3_dep_2010_2014",0.36,0.124,0.00605,480,1
"Chlorophyll","hi","2_861","NH4_dep_1985_2015",-2.35,0.862,0.00967,480,1
"Chlorophyll","hi","2_687","Cl_dep_2000_2009",0.00505,0.0131,0.702,480,1
"Chlorophyll","hi","2_687","biotitegneiss",-0.00898,0.00617,0.154,480,1
"Chlorophyll","hi","2_594","Cl_dep_1985_2015",0.00423,0.0121,0.728,480,1
"Chlorophyll","hi","2_73","Volume_m3",4.33e-06,2.13e-06,0.0497,480,1
"Chlorophyll","hi","2_924","NH4_dep_2000_2009",-2.38,0.847,0.00794,480,1
"Chlorophyll","hi","2_861","NO3_dep_2010_2014",0.433,0.153,0.00739,480,1
"Chlorophyll","hi","2_594","biotitegneiss",-0.009,0.00617,0.153,480,1
"Chlorophyll","hi","2_83","Volume_m3",3.72e-06,2.12e-06,0.0881,480,1
"Chlorophyll","hi","2_83","SO4_dep_2000_2009",-0.0463,0.0442,0.301,480,1
"Chlorophyll","lo","2_687","biotitegneiss",0.0203,0.00617,0.00221,480,1
"Chlorophyll","lo","2_83","SO4_dep_2000_2009",0.24,0.0442,3.82e-06,480,1
"Chlorophyll","lo","2_594","biotitegneiss",0.0199,0.00617,0.00259,480,1
"Chlorophyll","lo","2_73","Volume_m3",-6.51e-06,2.13e-06,0.00419,480,1
"Chlorophyll","lo","2_83","Volume_m3",-6.41e-06,2.12e-06,0.00457,480,1
"Chlorophyll","lo","2_687","Cl_dep_2000_2009",0.0558,0.0131,0.000133,480,1
"Chlorophyll","lo","2_861","NO3_dep_2010_2014",-0.375,0.153,0.0188,480,1
"Chlorophyll","lo","2_924","NH4_dep_2000_2009",2.86,0.847,0.00176,480,1
"Chlorophyll","lo","2_924","NO3_dep_2010_2014",-0.265,0.124,0.0389,480,1
"Chlorophyll","lo","2_861","NH4_dep_1985_2015",2.96,0.862,0.00148,480,1
"Chlorophyll","lo","2_73","NH4_dep_2000_2009",1.83,0.337,3.73e-06,480,1
"Chlorophyll","lo","2_594","Cl_dep_1985_2015",0.0517,0.0121,0.000123,480,1
"Chlorophyll","mid","2_687","Cl_dep_2000_2009",-0.00932,0.00512,0.0767,480,1
"Chlorophyll","mid","2_924","NH4_dep_2000_2009",-0.0766,0.322,0.813,480,1
"Chlorophyll","mid","2_73","Volume_m3",3.54e-07,8.13e-07,0.666,480,1
"Chlorophyll","mid","2_594","Cl_dep_1985_2015",-0.00855,0.00471,0.0776,480,1
"Chlorophyll","mid","2_594","biotitegneiss",-0.00142,0.00225,0.533,480,1
"Chlorophyll","mid","2_687","biotitegneiss",-0.00147,0.00225,0.518,480,1
"Chlorophyll","mid","2_924","NO3_dep_2010_2014",-0.0132,0.0468,0.779,480,1
"Chlorophyll","mid","2_73","NH4_dep_2000_2009",-0.203,0.131,0.129,480,1
"Chlorophyll","mid","2_861","NH4_dep_1985_2015",-0.0973,0.329,0.769,480,1
"Chlorophyll","mid","2_861","NO3_dep_2010_2014",-0.00718,0.0581,0.902,480,1
"Chlorophyll","mid","2_83","SO4_dep_2000_2009",-0.03,0.0174,0.092,480,1
"Chlorophyll","mid","2_83","Volume_m3",4.5e-07,8.12e-07,0.583,480,1
"Chlorophyll","hi","2_82","Volume_m3",3.87e-06,2.06e-06,0.0684,481,2
"Chlorophyll","hi","2_82","SO4_dep_1990_1999",-0.0356,0.029,0.227,481,2
"Chlorophyll","hi","2_80","Volume_m3",3.77e-06,2.11e-06,0.0825,481,2
"Chlorophyll","hi","2_904","NO3_dep_2010_2014",0.33,0.12,0.00926,481,2
"Chlorophyll","hi","2_80","SO4_dep_1985_2015",-0.0401,0.0365,0.28,481,2
"Chlorophyll","hi","2_1067","biotitegneiss",-0.00901,0.00622,0.156,481,2
"Chlorophyll","hi","2_569","Cl_dep_1990_1999",-0.392,0.217,0.0797,481,2
"Chlorophyll","hi","2_904","NH4_dep_1990_1999",-1.61,0.612,0.0123,481,2
"Chlorophyll","hi","2_569","Cl_dep_1985_2015",0.45,0.249,0.0782,481,2
"Chlorophyll","hi","2_1067","SO4_dep_1990_1999",0.0047,0.0219,0.831,481,2
"Chlorophyll","lo","2_904","NH4_dep_1990_1999",2.1,0.612,0.0015,481,2
"Chlorophyll","lo","2_82","Volume_m3",-5.84e-06,2.06e-06,0.0074,481,2
"Chlorophyll","lo","2_80","SO4_dep_1985_2015",0.196,0.0365,4.51e-06,481,2
"Chlorophyll","lo","2_82","SO4_dep_1990_1999",0.156,0.029,4.39e-06,481,2
"Chlorophyll","lo","2_904","NO3_dep_2010_2014",-0.26,0.12,0.0374,481,2
"Chlorophyll","lo","2_1067","SO4_dep_1990_1999",0.0926,0.0219,0.000152,481,2
"Chlorophyll","lo","2_1067","biotitegneiss",0.0185,0.00622,0.00524,481,2
"Chlorophyll","lo","2_80","Volume_m3",-6.26e-06,2.11e-06,0.00535,481,2
"Chlorophyll","lo","2_569","Cl_dep_1990_1999",0.647,0.217,0.00513,481,2
"Chlorophyll","lo","2_569","Cl_dep_1985_2015",-0.684,0.249,0.00913,481,2
"Chlorophyll","mid","2_904","NH4_dep_1990_1999",-0.0785,0.236,0.741,481,2
"Chlorophyll","mid","2_904","NO3_dep_2010_2014",-0.00922,0.0461,0.842,481,2
"Chlorophyll","mid","2_82","SO4_dep_1990_1999",-0.0185,0.0113,0.112,481,2
"Chlorophyll","mid","2_80","Volume_m3",4.14e-07,8.09e-07,0.611,481,2
"Chlorophyll","mid","2_82","Volume_m3",3.33e-07,7.87e-07,0.674,481,2
"Chlorophyll","mid","2_80","SO4_dep_1985_2015",-0.0241,0.0143,0.101,481,2
"Chlorophyll","mid","2_569","Cl_dep_1985_2015",0.039,0.0968,0.689,481,2
"Chlorophyll","mid","2_569","Cl_dep_1990_1999",-0.0419,0.0847,0.624,481,2
"Chlorophyll","mid","2_1067","SO4_dep_1990_1999",-0.0146,0.0085,0.094,481,2
"Chlorophyll","mid","2_1067","biotitegneiss",-0.0012,0.00227,0.6,481,2
"Cl","hi","2_933","NH4_dep_2000_2009",-1.13,0.274,0.000213,589,0
"Cl","hi","2_933","granodiorite",0.0175,0.00578,0.00455,589,0
"Cl","hi","2_920","NO3_dep_1985_2015",0.674,0.229,0.00566,589,0
"Cl","hi","2_920","NH4_dep_2000_2009",-5.26,1.53,0.00145,589,0
"Cl","hi","2_901","NH4_dep_1990_1999",-5.54,1.59,0.00127,589,0
"Cl","hi","2_901","NO3_dep_1985_1989",1.08,0.346,0.00344,589,0
"Cl","lo","2_920","NO3_dep_1985_2015",0.199,0.229,0.392,589,0
"Cl","lo","2_933","granodiorite",0.00358,0.00578,0.539,589,0
"Cl","lo","2_920","NH4_dep_2000_2009",-1.13,1.53,0.466,589,0
"Cl","lo","2_933","NH4_dep_2000_2009",0.119,0.274,0.667,589,0
"Cl","lo","2_901","NH4_dep_1990_1999",-0.228,1.59,0.886,589,0
"Cl","lo","2_901","NO3_dep_1985_1989",0.084,0.346,0.809,589,0
"Cl","mid","2_920","NH4_dep_2000_2009",0.748,0.525,0.163,589,0
"Cl","mid","2_901","NH4_dep_1990_1999",0.702,0.555,0.214,589,0
"Cl","mid","2_933","NH4_dep_2000_2009",0.12,0.0948,0.212,589,0
"Cl","mid","2_933","granodiorite",-0.00259,0.00204,0.211,589,0
"Cl","mid","2_920","NO3_dep_1985_2015",-0.102,0.079,0.204,589,0
"Cl","mid","2_901","NO3_dep_1985_1989",-0.142,0.121,0.248,589,0
"Cl","hi","2_1018","NO3_dep_2000_2009",-0.198,0.0493,0.000269,590,1
"Cl","hi","2_1018","granodiorite",0.0209,0.00615,0.00167,590,1
"Cl","hi","2_798","granodiorite",0.0187,0.00593,0.00319,590,1
"Cl","hi","2_892","NH4_dep_1985_1989",-1.21,0.303,0.000284,590,1
"Cl","hi","2_892","granodiorite",0.0163,0.00571,0.00703,590,1
"Cl","hi","2_1068","SO4_dep_1990_1999",-0.0976,0.0239,0.000234,590,1
"Cl","hi","2_1068","granodiorite",0.0161,0.00568,0.00731,590,1
"Cl","hi","2_970","NO3_dep_1985_2015",-0.176,0.0439,0.000292,590,1
"Cl","hi","2_923","NO3_dep_2000_2009",0.799,0.275,0.00612,590,1
"Cl","hi","2_923","NH4_dep_2000_2009",-5.51,1.63,0.0017,590,1
"Cl","hi","2_857","NH4_dep_1985_2015",-6.04,1.83,0.0021,590,1
"Cl","hi","2_1003","NO3_dep_1990_1999",-0.147,0.0365,0.000266,590,1
"Cl","hi","2_1003","granodiorite",0.0205,0.00611,0.00184,590,1
"Cl","hi","2_1045","SO4_dep_1985_2015",-0.118,0.0296,0.000305,590,1
"Cl","hi","2_1045","granodiorite",0.0162,0.00571,0.00718,590,1
"Cl","hi","2_970","granodiorite",0.0209,0.00617,0.00167,590,1
"Cl","hi","2_913","granodiorite",0.0174,0.00578,0.00473,590,1
"Cl","hi","2_913","NH4_dep_1990_1999",-0.828,0.204,0.000242,590,1
"Cl","hi","2_823","granodiorite",0.0193,0.00599,0.00263,590,1
"Cl","hi","2_823","N_dep_2000_2009",-0.496,0.124,0.000292,590,1
"Cl","hi","2_870","NH4_dep_1985_2015",-0.927,0.23,0.000261,590,1
"Cl","hi","2_870","granodiorite",0.0183,0.00587,0.00357,590,1
"Cl","hi","2_987","NO3_dep_1985_1989",-0.186,0.0466,0.000303,590,1
"Cl","hi","2_987","granodiorite",0.02,0.00607,0.00219,590,1
"Cl","hi","2_857","NO3_dep_1985_2015",0.988,0.332,0.00519,590,1
"Cl","hi","2_798","N_dep_1990_1999",-0.361,0.0906,0.00031,590,1
"Cl","lo","2_857","NO3_dep_1985_2015",0.277,0.332,0.409,590,1
"Cl","lo","2_870","granodiorite",0.00343,0.00587,0.563,590,1
"Cl","lo","2_892","granodiorite",0.00361,0.00571,0.531,590,1
"Cl","lo","2_923","NH4_dep_2000_2009",-0.975,1.63,0.553,590,1
"Cl","lo","2_970","NO3_dep_1985_2015",0.0218,0.0439,0.623,590,1
"Cl","lo","2_1068","SO4_dep_1990_1999",0.0115,0.0239,0.635,590,1
"Cl","lo","2_1068","granodiorite",0.00364,0.00568,0.526,590,1
"Cl","lo","2_913","NH4_dep_1990_1999",0.113,0.204,0.582,590,1
"Cl","lo","2_970","granodiorite",0.003,0.00617,0.63,590,1
"Cl","lo","2_913","granodiorite",0.00333,0.00578,0.568,590,1
"Cl","lo","2_1018","NO3_dep_2000_2009",0.0229,0.0493,0.645,590,1
"Cl","lo","2_798","granodiorite",0.00321,0.00593,0.592,590,1
"Cl","lo","2_823","granodiorite",0.00359,0.00599,0.553,590,1
"Cl","lo","2_823","N_dep_2000_2009",0.0425,0.124,0.733,590,1
"Cl","lo","2_1003","granodiorite",0.00282,0.00611,0.648,590,1
"Cl","lo","2_987","NO3_dep_1985_1989",0.0241,0.0466,0.608,590,1
"Cl","lo","2_987","granodiorite",0.00305,0.00607,0.618,590,1
"Cl","lo","2_1045","granodiorite",0.00374,0.00571,0.517,590,1
"Cl","lo","2_870","NH4_dep_1985_2015",0.105,0.23,0.651,590,1
"Cl","lo","2_857","NH4_dep_1985_2015",-1.36,1.83,0.462,590,1
"Cl","lo","2_1003","NO3_dep_1990_1999",0.0213,0.0365,0.563,590,1
"Cl","lo","2_892","NH4_dep_1985_1989",0.145,0.303,0.636,590,1
"Cl","lo","2_923","NO3_dep_2000_2009",0.197,0.275,0.478,590,1
"Cl","lo","2_1045","SO4_dep_1985_2015",0.012,0.0296,0.688,590,1
"Cl","lo","2_1018","granodiorite",0.00311,0.00615,0.617,590,1
"Cl","lo","2_798","N_dep_1990_1999",0.047,0.0906,0.607,590,1
"Cl","mid","2_923","NH4_dep_2000_2009",0.758,0.56,0.185,590,1
"Cl","mid","2_1068","SO4_dep_1990_1999",0.0104,0.00833,0.218,590,1
"Cl","mid","2_1068","granodiorite",-0.00246,0.00201,0.229,590,1
"Cl","mid","2_970","NO3_dep_1985_2015",0.0186,0.0152,0.231,590,1
"Cl","mid","2_970","granodiorite",-0.00296,0.00218,0.183,590,1
"Cl","mid","2_913","granodiorite",-0.00257,0.00204,0.217,590,1
"Cl","mid","2_913","NH4_dep_1990_1999",0.0861,0.0706,0.23,590,1
"Cl","mid","2_823","N_dep_2000_2009",0.054,0.0427,0.214,590,1
"Cl","mid","2_823","granodiorite",-0.00282,0.00211,0.19,590,1
"Cl","mid","2_870","granodiorite",-0.00268,0.00207,0.204,590,1
"Cl","mid","2_870","NH4_dep_1985_2015",0.0989,0.0795,0.222,590,1
"Cl","mid","2_987","NO3_dep_1985_1989",0.0195,0.0161,0.235,590,1
"Cl","mid","2_987","granodiorite",-0.00285,0.00214,0.191,590,1
"Cl","mid","2_1003","NO3_dep_1990_1999",0.0151,0.0126,0.238,590,1
"Cl","mid","2_1003","granodiorite",-0.00288,0.00216,0.189,590,1
"Cl","mid","2_1045","SO4_dep_1985_2015",0.0129,0.0103,0.219,590,1
"Cl","mid","2_1045","granodiorite",-0.00249,0.00202,0.226,590,1
"Cl","mid","2_923","NO3_dep_2000_2009",-0.117,0.095,0.228,590,1
"Cl","mid","2_857","NO3_dep_1985_2015",-0.151,0.115,0.198,590,1
"Cl","mid","2_857","NH4_dep_1985_2015",0.882,0.632,0.171,590,1
"Cl","mid","2_1018","granodiorite",-0.00296,0.00217,0.181,590,1
"Cl","mid","2_798","N_dep_1990_1999",0.0375,0.0313,0.238,590,1
"Cl","mid","2_798","granodiorite",-0.00271,0.00209,0.204,590,1
"Cl","mid","2_892","granodiorite",-0.00247,0.00202,0.229,590,1
"Cl","mid","2_1018","NO3_dep_2000_2009",0.0212,0.0171,0.223,590,1
"Cl","mid","2_892","NH4_dep_1985_1989",0.129,0.105,0.227,590,1
"Cl","hi","2_1026","NO3_dep_2010_2014",0.316,0.117,0.0101,591,2
"Cl","hi","2_1051","SO4_dep_1985_1989",1.08,0.396,0.00958,591,2
"Cl","hi","2_745","N_dep_1985_2015",-0.421,0.106,0.000314,591,2
"Cl","hi","2_981","NO3_dep_1985_1989",0.547,0.215,0.0151,591,2
"Cl","hi","2_1057","SO4_dep_1985_1989",-0.096,0.0242,0.000321,591,2
"Cl","hi","2_1057","granodiorite",0.0165,0.00574,0.00653,591,2
"Cl","hi","2_1078","SO4_dep_2000_2009",-0.14,0.0355,0.000336,591,2
"Cl","hi","2_1078","granodiorite",0.0159,0.00569,0.00826,591,2
"Cl","hi","2_772","N_dep_1985_1989",-0.473,0.12,0.000336,591,2
"Cl","hi","2_772","granodiorite",0.018,0.00587,0.00402,591,2
"Cl","hi","2_902","NH4_dep_1990_1999",-4.44,1.4,0.00296,591,2
"Cl","hi","2_902","NO3_dep_1990_1999",0.655,0.237,0.00873,591,2
"Cl","hi","2_745","granodiorite",0.0195,0.00602,0.00253,591,2
"Cl","hi","2_1051","SO4_dep_1990_1999",-1.16,0.396,0.0059,591,2
"Cl","hi","2_981","SO4_dep_1990_1999",-0.372,0.118,0.00321,591,2
"Cl","hi","2_1026","SO4_dep_1990_1999",-0.259,0.071,0.000802,591,2
"Cl","lo","2_902","NH4_dep_1990_1999",-0.816,1.4,0.562,591,2
"Cl","lo","2_745","N_dep_1985_2015",0.0446,0.106,0.676,591,2
"Cl","lo","2_745","granodiorite",0.00336,0.00602,0.58,591,2
"Cl","lo","2_1057","SO4_dep_1985_1989",0.0112,0.0242,0.646,591,2
"Cl","lo","2_1057","granodiorite",0.0036,0.00574,0.535,591,2
"Cl","lo","2_1078","SO4_dep_2000_2009",0.0116,0.0355,0.745,591,2
"Cl","lo","2_1078","granodiorite",0.0039,0.00569,0.497,591,2
"Cl","lo","2_772","granodiorite",0.00335,0.00587,0.572,591,2
"Cl","lo","2_772","N_dep_1985_1989",0.0589,0.12,0.626,591,2
"Cl","lo","2_902","NO3_dep_1990_1999",0.166,0.237,0.487,591,2
"Cl","lo","2_1026","NO3_dep_2010_2014",0.0164,0.117,0.889,591,2
"Cl","lo","2_1026","SO4_dep_1990_1999",0.00665,0.071,0.926,591,2
"Cl","lo","2_1051","SO4_dep_1985_1989",0.0172,0.396,0.966,591,2
"Cl","lo","2_981","NO3_dep_1985_1989",0.155,0.215,0.476,591,2
"Cl","lo","2_1051","SO4_dep_1990_1999",-0.00107,0.396,0.998,591,2
"Cl","lo","2_981","SO4_dep_1990_1999",-0.0673,0.118,0.572,591,2
"Cl","mid","2_1057","SO4_dep_1985_1989",0.0103,0.00842,0.229,591,2
"Cl","mid","2_1057","granodiorite",-0.0025,0.00203,0.225,591,2
"Cl","mid","2_1078","SO4_dep_2000_2009",0.0158,0.0124,0.212,591,2
"Cl","mid","2_1078","granodiorite",-0.00246,0.00201,0.228,591,2
"Cl","mid","2_772","N_dep_1985_1989",0.0497,0.0414,0.238,591,2
"Cl","mid","2_772","granodiorite",-0.00264,0.00207,0.21,591,2
"Cl","mid","2_902","NH4_dep_1990_1999",0.641,0.487,0.196,591,2
"Cl","mid","2_902","NO3_dep_1990_1999",-0.1,0.0826,0.233,591,2
"Cl","mid","2_1026","NO3_dep_2010_2014",-0.041,0.041,0.324,591,2
"Cl","mid","2_1026","SO4_dep_1990_1999",0.031,0.0249,0.222,591,2
"Cl","mid","2_1051","SO4_dep_1985_1989",-0.131,0.138,0.348,591,2
"Cl","mid","2_1051","SO4_dep_1990_1999",0.138,0.138,0.323,591,2
"Cl","mid","2_745","N_dep_1985_2015",0.045,0.0366,0.227,591,2
"Cl","mid","2_745","granodiorite",-0.00281,0.00212,0.193,591,2
"Cl","mid","2_981","NO3_dep_1985_1989",-0.0876,0.0754,0.253,591,2
"Cl","mid","2_981","SO4_dep_1990_1999",0.0547,0.0415,0.196,591,2
"DO_top2m","hi","2_923","NO3_dep_2000_2009",-0.661,0.279,0.023,585,0
"DO_top2m","hi","2_923","NH4_dep_2000_2009",4.43,1.65,0.0109,585,0
"DO_top2m","hi","2_691","quartzmonzonite",0.0207,0.00959,0.0376,585,0
"DO_top2m","hi","2_691","Cl_dep_2000_2009",0.0284,0.014,0.0498,585,0
"DO_top2m","lo","2_923","NO3_dep_2000_2009",-0.012,0.279,0.966,585,0
"DO_top2m","lo","2_691","quartzmonzonite",0.0011,0.00959,0.909,585,0
"DO_top2m","lo","2_923","NH4_dep_2000_2009",-0.481,1.65,0.773,585,0
"DO_top2m","lo","2_691","Cl_dep_2000_2009",-0.0311,0.014,0.0323,585,0
"DO_top2m","mid","2_923","NH4_dep_2000_2009",-0.468,0.567,0.415,585,0
"DO_top2m","mid","2_691","quartzmonzonite",-0.00242,0.0032,0.454,585,0
"DO_top2m","mid","2_691","Cl_dep_2000_2009",0.000328,0.00483,0.946,585,0
"DO_top2m","mid","2_923","NO3_dep_2000_2009",0.0802,0.0962,0.41,585,0
"DO_top2m","hi","2_661","Cl_dep_1990_1999",0.022,0.0113,0.0594,586,1
"DO_top2m","hi","2_661","quartzmonzonite",0.0205,0.00963,0.0403,586,1
"DO_top2m","hi","2_920","NH4_dep_2000_2009",3.91,1.56,0.0163,586,1
"DO_top2m","hi","2_42","Depth_mean_m",0.171,0.0566,0.00461,586,1
"DO_top2m","hi","2_42","granodiorite",-0.0134,0.00594,0.0305,586,1
"DO_top2m","hi","2_759","NO3_dep_1985_2015",-0.639,0.28,0.0281,586,1
"DO_top2m","hi","2_759","N_dep_1985_1989",2.04,0.801,0.015,586,1
"DO_top2m","hi","2_857","NO3_dep_1985_2015",-0.809,0.337,0.0216,586,1
"DO_top2m","hi","2_857","NH4_dep_1985_2015",4.85,1.85,0.0128,586,1
"DO_top2m","hi","2_598","quartzmonzonite",0.0205,0.00962,0.0399,586,1
"DO_top2m","hi","2_598","Cl_dep_1985_2015",0.0255,0.0129,0.0556,586,1
"DO_top2m","hi","2_720","Cl_dep_2010_2014",0.0303,0.0158,0.0638,586,1
"DO_top2m","hi","2_720","quartzmonzonite",0.0206,0.00962,0.0393,586,1
"DO_top2m","hi","2_1081","SO4_dep_2000_2009",0.0629,0.0348,0.0786,586,1
"DO_top2m","hi","2_1081","quartzmonzonite",0.0197,0.00969,0.0496,586,1
"DO_top2m","hi","2_920","NO3_dep_1985_2015",-0.511,0.233,0.0349,586,1
"DO_top2m","lo","2_661","quartzmonzonite",0.00136,0.00963,0.888,586,1
"DO_top2m","lo","2_598","Cl_dep_1985_2015",-0.028,0.0129,0.0369,586,1
"DO_top2m","lo","2_42","Depth_mean_m",-0.106,0.0566,0.0692,586,1
"DO_top2m","lo","2_720","Cl_dep_2010_2014",-0.035,0.0158,0.0334,586,1
"DO_top2m","lo","2_759","N_dep_1985_1989",-0.131,0.801,0.871,586,1
"DO_top2m","lo","2_920","NO3_dep_1985_2015",0.0971,0.233,0.68,586,1
"DO_top2m","lo","2_920","NH4_dep_2000_2009",-1.19,1.56,0.449,586,1
"DO_top2m","lo","2_1081","quartzmonzonite",0.00262,0.00969,0.789,586,1
"DO_top2m","lo","2_42","granodiorite",0.00165,0.00594,0.783,586,1
"DO_top2m","lo","2_720","quartzmonzonite",0.00136,0.00962,0.888,586,1
"DO_top2m","lo","2_661","Cl_dep_1990_1999",-0.0241,0.0113,0.0395,586,1
"DO_top2m","lo","2_857","NH4_dep_1985_2015",-0.825,1.85,0.659,586,1
"DO_top2m","lo","2_1081","SO4_dep_2000_2009",-0.0782,0.0348,0.0305,586,1
"DO_top2m","lo","2_598","quartzmonzonite",0.00133,0.00962,0.89,586,1
"DO_top2m","lo","2_759","NO3_dep_1985_2015",-0.0332,0.28,0.906,586,1
"DO_top2m","lo","2_857","NO3_dep_1985_2015",0.0704,0.337,0.836,586,1
"DO_top2m","mid","2_661","quartzmonzonite",-0.00243,0.00321,0.455,586,1
"DO_top2m","mid","2_720","quartzmonzonite",-0.00244,0.00321,0.452,586,1
"DO_top2m","mid","2_598","Cl_dep_1985_2015",0.000292,0.00447,0.948,586,1
"DO_top2m","mid","2_661","Cl_dep_1990_1999",0.000257,0.00392,0.948,586,1
"DO_top2m","mid","2_598","quartzmonzonite",-0.00243,0.00321,0.454,586,1
"DO_top2m","mid","2_857","NO3_dep_1985_2015",0.0883,0.117,0.454,586,1
"DO_top2m","mid","2_1081","SO4_dep_2000_2009",0.00183,0.012,0.88,586,1
"DO_top2m","mid","2_920","NH4_dep_2000_2009",-0.325,0.535,0.548,586,1
"DO_top2m","mid","2_759","NO3_dep_1985_2015",0.0835,0.0986,0.403,586,1
"DO_top2m","mid","2_857","NH4_dep_1985_2015",-0.48,0.639,0.457,586,1
"DO_top2m","mid","2_42","Depth_mean_m",-0.00806,0.0198,0.686,586,1
"DO_top2m","mid","2_720","Cl_dep_2010_2014",0.000575,0.00552,0.918,586,1
"DO_top2m","mid","2_920","NO3_dep_1985_2015",0.0496,0.0808,0.543,586,1
"DO_top2m","mid","2_42","granodiorite",0.00147,0.00211,0.489,586,1
"DO_top2m","mid","2_1081","quartzmonzonite",-0.00248,0.00323,0.447,586,1
"DO_top2m","mid","2_759","N_dep_1985_1989",-0.237,0.282,0.405,586,1
"DO_top2m","hi","2_630","Cl_dep_1985_1989",0.0257,0.0134,0.0628,587,2
"DO_top2m","hi","2_936","quartzmonzonite",0.0187,0.00986,0.0651,587,2
"DO_top2m","hi","2_1045","SO4_dep_1985_2015",0.0801,0.0301,0.0113,587,2
"DO_top2m","hi","2_870","granodiorite",-0.0128,0.00598,0.0389,587,2
"DO_top2m","hi","2_901","NO3_dep_1985_1989",-0.753,0.352,0.0392,587,2
"DO_top2m","hi","2_1018","NO3_dep_2000_2009",0.131,0.0502,0.0132,587,2
"DO_top2m","hi","2_936","NH4_dep_2000_2009",0.439,0.269,0.111,587,2
"DO_top2m","hi","2_761","NO3_dep_1990_1999",-0.516,0.239,0.0373,587,2
"DO_top2m","hi","2_630","quartzmonzonite",0.0201,0.00966,0.0448,587,2
"DO_top2m","hi","2_902","NO3_dep_1990_1999",-0.531,0.24,0.0332,587,2
"DO_top2m","hi","2_902","NH4_dep_1990_1999",3.51,1.42,0.018,587,2
"DO_top2m","hi","2_1048","SO4_dep_1985_2015",0.0515,0.029,0.0835,587,2
"DO_top2m","hi","2_1048","quartzmonzonite",0.0194,0.00973,0.0535,587,2
"DO_top2m","hi","2_1071","SO4_dep_1990_1999",0.0424,0.0237,0.0811,587,2
"DO_top2m","hi","2_1032","NO3_dep_2010_2014",0.119,0.0452,0.0124,587,2
"DO_top2m","hi","2_922","NO3_dep_1990_1999",-0.388,0.193,0.0512,587,2
"DO_top2m","hi","2_922","NH4_dep_2000_2009",3.59,1.53,0.0243,587,2
"DO_top2m","hi","2_547","NH4_dep_2000_2009",1.52,0.545,0.00823,587,2
"DO_top2m","hi","2_1087","SO4_dep_2010_2014",0.106,0.0408,0.0137,587,2
"DO_top2m","hi","2_860","NO3_dep_2000_2009",-0.711,0.337,0.0416,587,2
"DO_top2m","hi","2_860","NH4_dep_1985_2015",3.88,1.65,0.0238,587,2
"DO_top2m","hi","2_933","granodiorite",-0.0122,0.00589,0.0448,587,2
"DO_top2m","hi","2_870","NH4_dep_1985_2015",0.629,0.234,0.0107,587,2
"DO_top2m","hi","2_762","NO3_dep_2000_2009",-0.529,0.272,0.0601,587,2
"DO_top2m","hi","2_745","N_dep_1985_2015",0.292,0.108,0.0103,587,2
"DO_top2m","hi","2_823","granodiorite",-0.0136,0.00609,0.0316,587,2
"DO_top2m","hi","2_772","N_dep_1985_1989",0.333,0.122,0.00948,587,2
"DO_top2m","hi","2_823","N_dep_2000_2009",0.34,0.126,0.0103,587,2
"DO_top2m","hi","2_847","N_dep_2010_2014",0.251,0.096,0.0128,587,2
"DO_top2m","hi","2_1032","granodiorite",-0.0158,0.00653,0.0208,587,2
"DO_top2m","hi","2_901","NH4_dep_1990_1999",3.84,1.62,0.023,587,2
"DO_top2m","hi","2_761","N_dep_1985_1989",1.97,0.814,0.0203,587,2
"DO_top2m","hi","2_1068","SO4_dep_1990_1999",0.0656,0.0244,0.0107,587,2
"DO_top2m","hi","2_762","N_dep_1985_1989",1.56,0.693,0.0306,587,2
"DO_top2m","hi","2_1090","SO4_dep_2010_2014",0.0623,0.0381,0.111,587,2
"DO_top2m","hi","2_933","NH4_dep_2000_2009",0.76,0.279,0.00986,587,2
"DO_top2m","hi","2_1071","quartzmonzonite",0.0191,0.00976,0.0576,587,2
"DO_top2m","hi","2_1045","granodiorite",-0.0114,0.00581,0.0562,587,2
"DO_top2m","hi","2_547","outlet",-0.926,0.458,0.0506,587,2
"DO_top2m","hi","2_1068","granodiorite",-0.0113,0.00579,0.0584,587,2
"DO_top2m","hi","2_847","granodiorite",-0.0154,0.00646,0.0224,587,2
"DO_top2m","hi","2_1090","quartzmonzonite",0.0202,0.00969,0.0443,587,2
"DO_top2m","hi","2_1078","SO4_dep_2000_2009",0.095,0.0361,0.0123,587,2
"DO_top2m","hi","2_1078","granodiorite",-0.0112,0.00578,0.0609,587,2
"DO_top2m","hi","2_772","granodiorite",-0.0129,0.00597,0.0377,587,2
"DO_top2m","hi","2_745","granodiorite",-0.0138,0.00612,0.0303,587,2
"DO_top2m","hi","2_1018","granodiorite",-0.0143,0.00627,0.028,587,2
"DO_top2m","hi","2_1087","granodiorite",-0.0124,0.00596,0.044,587,2
"DO_top2m","lo","2_762","N_dep_1985_1989",0.211,0.693,0.763,587,2
"DO_top2m","lo","2_630","quartzmonzonite",0.0017,0.00966,0.861,587,2
"DO_top2m","lo","2_1087","SO4_dep_2010_2014",-0.088,0.0408,0.0377,587,2
"DO_top2m","lo","2_847","granodiorite",0.00452,0.00646,0.489,587,2
"DO_top2m","lo","2_922","NH4_dep_2000_2009",-1.71,1.53,0.272,587,2
"DO_top2m","lo","2_901","NH4_dep_1990_1999",-1.03,1.62,0.53,587,2
"DO_top2m","lo","2_547","NH4_dep_2000_2009",-0.505,0.545,0.36,587,2
"DO_top2m","lo","2_902","NO3_dep_1990_1999",0.0486,0.24,0.841,587,2
"DO_top2m","lo","2_1078","granodiorite",0.00127,0.00578,0.828,587,2
"DO_top2m","lo","2_860","NO3_dep_2000_2009",-0.154,0.337,0.651,587,2
"DO_top2m","lo","2_936","NH4_dep_2000_2009",-0.576,0.269,0.0388,587,2
"DO_top2m","lo","2_761","N_dep_1985_1989",-0.495,0.814,0.547,587,2
"DO_top2m","lo","2_902","NH4_dep_1990_1999",-0.671,1.42,0.639,587,2
"DO_top2m","lo","2_1048","quartzmonzonite",0.00284,0.00973,0.772,587,2
"DO_top2m","lo","2_1045","granodiorite",0.00125,0.00581,0.83,587,2
"DO_top2m","lo","2_1090","quartzmonzonite",0.0022,0.00969,0.822,587,2
"DO_top2m","lo","2_1068","SO4_dep_1990_1999",-0.0491,0.0244,0.0517,587,2
"DO_top2m","lo","2_745","N_dep_1985_2015",-0.22,0.108,0.0488,587,2
"DO_top2m","lo","2_933","NH4_dep_2000_2009",-0.58,0.279,0.0448,587,2
"DO_top2m","lo","2_870","NH4_dep_1985_2015",-0.473,0.234,0.0505,587,2
"DO_top2m","lo","2_870","granodiorite",0.00212,0.00598,0.724,587,2
"DO_top2m","lo","2_1045","SO4_dep_1985_2015",-0.0627,0.0301,0.0439,587,2
"DO_top2m","lo","2_761","NO3_dep_1990_1999",0.0798,0.239,0.74,587,2
"DO_top2m","lo","2_823","granodiorite",0.0029,0.00609,0.636,587,2
"DO_top2m","lo","2_1078","SO4_dep_2000_2009",-0.0792,0.0361,0.0346,587,2
"DO_top2m","lo","2_933","granodiorite",0.00175,0.00589,0.768,587,2
"DO_top2m","lo","2_860","NH4_dep_1985_2015",0.303,1.65,0.855,587,2
"DO_top2m","lo","2_630","Cl_dep_1985_1989",-0.0273,0.0134,0.0493,587,2
"DO_top2m","lo","2_1071","SO4_dep_1990_1999",-0.0492,0.0237,0.0446,587,2
"DO_top2m","lo","2_1048","SO4_dep_1985_2015",-0.0621,0.029,0.0385,587,2
"DO_top2m","lo","2_823","N_dep_2000_2009",-0.264,0.126,0.0428,587,2
"DO_top2m","lo","2_922","NO3_dep_1990_1999",0.148,0.193,0.449,587,2
"DO_top2m","lo","2_762","NO3_dep_2000_2009",-0.174,0.272,0.528,587,2
"DO_top2m","lo","2_1090","SO4_dep_2010_2014",-0.0832,0.0381,0.0356,587,2
"DO_top2m","lo","2_1032","NO3_dep_2010_2014",-0.0956,0.0452,0.041,587,2
"DO_top2m","lo","2_1018","NO3_dep_2000_2009",-0.106,0.0502,0.0408,587,2
"DO_top2m","lo","2_547","outlet",-0.0443,0.458,0.924,587,2
"DO_top2m","lo","2_936","quartzmonzonite",0.00404,0.00986,0.684,587,2
"DO_top2m","lo","2_847","N_dep_2010_2014",-0.201,0.096,0.0428,587,2
"DO_top2m","lo","2_901","NO3_dep_1985_1989",0.14,0.352,0.693,587,2
"DO_top2m","lo","2_1018","granodiorite",0.00376,0.00627,0.552,587,2
"DO_top2m","lo","2_745","granodiorite",0.00287,0.00612,0.642,587,2
"DO_top2m","lo","2_772","granodiorite",0.002,0.00597,0.739,587,2
"DO_top2m","lo","2_772","N_dep_1985_1989",-0.241,0.122,0.0548,587,2
"DO_top2m","lo","2_1032","granodiorite",0.00484,0.00653,0.463,587,2
"DO_top2m","lo","2_1068","granodiorite",0.00098,0.00579,0.866,587,2
"DO_top2m","lo","2_1071","quartzmonzonite",0.00302,0.00976,0.759,587,2
"DO_top2m","lo","2_1087","granodiorite",0.0023,0.00596,0.701,587,2
"DO_top2m","mid","2_902","NO3_dep_1990_1999",0.0581,0.0833,0.49,587,2
"DO_top2m","mid","2_1048","SO4_dep_1985_2015",0.00127,0.01,0.9,587,2
"DO_top2m","mid","2_860","NH4_dep_1985_2015",-0.53,0.585,0.371,587,2
"DO_top2m","mid","2_933","NH4_dep_2000_2009",-0.0212,0.0956,0.826,587,2
"DO_top2m","mid","2_761","N_dep_1985_1989",-0.177,0.282,0.533,587,2
"DO_top2m","mid","2_860","NO3_dep_2000_2009",0.11,0.12,0.367,587,2
"DO_top2m","mid","2_1078","SO4_dep_2000_2009",-0.00189,0.0124,0.88,587,2
"DO_top2m","mid","2_902","NH4_dep_1990_1999",-0.341,0.491,0.492,587,2
"DO_top2m","mid","2_1078","granodiorite",0.00123,0.00204,0.549,587,2
"DO_top2m","mid","2_1071","SO4_dep_1990_1999",0.000806,0.00816,0.922,587,2
"DO_top2m","mid","2_823","granodiorite",0.00133,0.00214,0.539,587,2
"DO_top2m","mid","2_922","NO3_dep_1990_1999",0.0291,0.067,0.667,587,2
"DO_top2m","mid","2_630","Cl_dep_1985_1989",0.000181,0.00462,0.969,587,2
"DO_top2m","mid","2_547","NH4_dep_2000_2009",-0.116,0.183,0.528,587,2
"DO_top2m","mid","2_772","N_dep_1985_1989",-0.0109,0.0419,0.795,587,2
"DO_top2m","mid","2_745","N_dep_1985_2015",-0.00859,0.0371,0.818,587,2
"DO_top2m","mid","2_745","granodiorite",0.00136,0.00216,0.533,587,2
"DO_top2m","mid","2_901","NO3_dep_1985_1989",0.0753,0.123,0.546,587,2
"DO_top2m","mid","2_870","NH4_dep_1985_2015",-0.0186,0.0804,0.819,587,2
"DO_top2m","mid","2_870","granodiorite",0.00133,0.00211,0.533,587,2
"DO_top2m","mid","2_901","NH4_dep_1990_1999",-0.345,0.567,0.546,587,2
"DO_top2m","mid","2_761","NO3_dep_1990_1999",0.0524,0.0827,0.531,587,2
"DO_top2m","mid","2_1090","SO4_dep_2010_2014",0.00253,0.0133,0.85,587,2
"DO_top2m","mid","2_1090","quartzmonzonite",-0.00249,0.00323,0.445,587,2
"DO_top2m","mid","2_762","N_dep_1985_1989",-0.229,0.249,0.364,587,2
"DO_top2m","mid","2_762","NO3_dep_2000_2009",0.091,0.0981,0.359,587,2
"DO_top2m","mid","2_823","N_dep_2000_2009",-0.00901,0.0432,0.836,587,2
"DO_top2m","mid","2_933","granodiorite",0.0013,0.00207,0.535,587,2
"DO_top2m","mid","2_936","quartzmonzonite",-0.00254,0.00329,0.445,587,2
"DO_top2m","mid","2_936","NH4_dep_2000_2009",0.0162,0.0925,0.862,587,2
"DO_top2m","mid","2_630","quartzmonzonite",-0.00242,0.00322,0.457,587,2
"DO_top2m","mid","2_772","granodiorite",0.00135,0.00211,0.525,587,2
"DO_top2m","mid","2_1045","SO4_dep_1985_2015",-0.00208,0.0104,0.842,587,2
"DO_top2m","mid","2_1045","granodiorite",0.00127,0.00205,0.539,587,2
"DO_top2m","mid","2_1068","SO4_dep_1990_1999",-0.00197,0.0084,0.816,587,2
"DO_top2m","mid","2_1068","granodiorite",0.00129,0.00204,0.533,587,2
"DO_top2m","mid","2_1048","quartzmonzonite",-0.00248,0.00325,0.45,587,2
"DO_top2m","mid","2_1071","quartzmonzonite",-0.00247,0.00326,0.454,587,2
"DO_top2m","mid","2_1032","NO3_dep_2010_2014",-0.00279,0.0156,0.859,587,2
"DO_top2m","mid","2_1032","granodiorite",0.00136,0.0023,0.557,587,2
"DO_top2m","mid","2_1018","granodiorite",0.00132,0.0022,0.554,587,2
"DO_top2m","mid","2_1018","NO3_dep_2000_2009",-0.00291,0.0172,0.867,587,2
"DO_top2m","mid","2_922","NH4_dep_2000_2009",-0.227,0.529,0.67,587,2
"DO_top2m","mid","2_547","outlet",0.114,0.157,0.472,587,2
"DO_top2m","mid","2_1087","SO4_dep_2010_2014",-0.00214,0.0142,0.88,587,2
"DO_top2m","mid","2_1087","granodiorite",0.00126,0.0021,0.552,587,2
"DO_top2m","mid","2_847","granodiorite",0.00135,0.00227,0.555,587,2
"DO_top2m","mid","2_847","N_dep_2010_2014",-0.00598,0.0332,0.858,587,2
"K","hi","2_148","Elevation_m",0.00111,0.000298,0.000651,554,0
"K","hi","2_148","outlet",-2.26,0.507,7.15e-05,554,0
"K","lo","2_148","Elevation_m",0.00024,0.000298,0.425,554,0
"K","lo","2_148","outlet",0.865,0.507,0.0959,554,0
"K","mid","2_148","outlet",0.158,0.172,0.364,554,0
"K","mid","2_148","Elevation_m",-0.000156,0.000101,0.133,554,0
"K","hi","2_191","outlet",-2.27,0.521,0.000103,555,1
"K","hi","2_191","elevmean_wshed",0.00101,0.00028,0.000912,555,1
"K","lo","2_191","outlet",0.76,0.521,0.153,555,1
"K","lo","2_191","elevmean_wshed",0.000279,0.00028,0.325,555,1
"K","mid","2_191","outlet",0.17,0.178,0.344,555,1
"K","mid","2_191","elevmean_wshed",-0.000148,9.49e-05,0.128,555,1
"K","hi","2_564","quartzmonzodiorite",0.0303,0.00873,0.00135,556,2
"K","hi","2_564","outlet",-0.698,0.206,0.00167,556,2
"K","hi","2_131","Watershed_area_ha",-0.00476,0.00259,0.0739,556,2
"K","hi","2_131","basalt",-0.018,0.00603,0.00511,556,2
"K","lo","2_564","outlet",1.32,0.206,1.85e-07,556,2
"K","lo","2_131","basalt",-0.00221,0.00603,0.716,556,2
"K","lo","2_564","quartzmonzodiorite",-0.0135,0.00873,0.131,556,2
"K","lo","2_131","Watershed_area_ha",0.0173,0.00259,7.44e-08,556,2
"K","mid","2_131","basalt",0.00238,0.00207,0.257,556,2
"K","mid","2_131","Watershed_area_ha",-0.00147,0.000883,0.106,556,2
"K","mid","2_564","quartzmonzodiorite",-0.00214,0.00308,0.493,556,2
"K","mid","2_564","outlet",-0.0734,0.071,0.307,556,2
"Mg","hi","2_567","outlet",-0.84,0.212,0.00033,569,0
"Mg","hi","2_567","tholeiite",1.35,0.534,0.0157,569,0
"Mg","lo","2_567","outlet",1.08,0.212,1.12e-05,569,0
"Mg","lo","2_567","tholeiite",-0.211,0.534,0.695,569,0
"Mg","mid","2_567","outlet",-0.0286,0.0737,0.701,569,0
"Mg","mid","2_567","tholeiite",-0.111,0.17,0.516,569,0
"pH_top2m","hi","2_825","quartzmonzodiorite",-0.0012,0.00915,0.896,560,0
"pH_top2m","hi","2_825","N_dep_2000_2009",-0.233,0.112,0.0441,560,0
"pH_top2m","hi","2_935","NH4_dep_2000_2009",-0.526,0.256,0.0468,560,0
"pH_top2m","hi","2_935","quartzmonzodiorite",-0.00186,0.00912,0.839,560,0
"pH_top2m","hi","2_747","N_dep_1985_2015",-0.197,0.0952,0.0461,560,0
"pH_top2m","hi","2_747","quartzmonzodiorite",-0.00129,0.00916,0.889,560,0
"pH_top2m","hi","2_1020","quartzmonzodiorite",-0.00138,0.00916,0.881,560,0
"pH_top2m","hi","2_1020","NO3_dep_2000_2009",-0.0885,0.0433,0.0483,560,0
"pH_top2m","hi","2_800","quartzmonzodiorite",-0.00121,0.00917,0.896,560,0
"pH_top2m","hi","2_800","N_dep_1990_1999",-0.175,0.0826,0.0415,560,0
"pH_top2m","lo","2_825","N_dep_2000_2009",0.496,0.112,7.79e-05,560,0
"pH_top2m","lo","2_1020","quartzmonzodiorite",-0.0192,0.00916,0.0427,560,0
"pH_top2m","lo","2_1020","NO3_dep_2000_2009",0.189,0.0433,9.76e-05,560,0
"pH_top2m","lo","2_800","N_dep_1990_1999",0.358,0.0826,0.000107,560,0
"pH_top2m","lo","2_747","N_dep_1985_2015",0.417,0.0952,9.52e-05,560,0
"pH_top2m","lo","2_747","quartzmonzodiorite",-0.0194,0.00916,0.0412,560,0
"pH_top2m","lo","2_935","quartzmonzodiorite",-0.0182,0.00912,0.0535,560,0
"pH_top2m","lo","2_935","NH4_dep_2000_2009",1.12,0.256,9.02e-05,560,0
"pH_top2m","lo","2_800","quartzmonzodiorite",-0.0193,0.00917,0.0418,560,0
"pH_top2m","lo","2_825","quartzmonzodiorite",-0.0196,0.00915,0.039,560,0
"pH_top2m","mid","2_747","quartzmonzodiorite",0.00257,0.00324,0.432,560,0
"pH_top2m","mid","2_747","N_dep_1985_2015",-0.0269,0.0333,0.425,560,0
"pH_top2m","mid","2_1020","quartzmonzodiorite",0.00257,0.00324,0.433,560,0
"pH_top2m","mid","2_1020","NO3_dep_2000_2009",-0.0124,0.0152,0.42,560,0
"pH_top2m","mid","2_800","N_dep_1990_1999",-0.0223,0.0288,0.444,560,0
"pH_top2m","mid","2_800","quartzmonzodiorite",0.00256,0.00324,0.435,560,0
"pH_top2m","mid","2_825","N_dep_2000_2009",-0.0319,0.0389,0.417,560,0
"pH_top2m","mid","2_825","quartzmonzodiorite",0.00259,0.00324,0.429,560,0
"pH_top2m","mid","2_935","NH4_dep_2000_2009",-0.071,0.0881,0.426,560,0
"pH_top2m","mid","2_935","quartzmonzodiorite",0.00249,0.00322,0.445,560,0
"pH_top2m","hi","2_972","quartzmonzodiorite",-0.00131,0.00917,0.887,561,1
"pH_top2m","hi","2_989","quartzmonzodiorite",-0.00143,0.00917,0.877,561,1
"pH_top2m","hi","2_384","solar_jas",-7.65e-05,4.29e-05,0.083,561,1
"pH_top2m","hi","2_384","quartzmonzodiorite",-0.000593,0.0093,0.949,561,1
"pH_top2m","hi","2_652","Cl_dep_1990_1999",0.067,0.0337,0.0542,561,1
"pH_top2m","hi","2_652","SO4_dep_1990_1999",-0.174,0.0696,0.017,561,1
"pH_top2m","hi","2_872","quartzmonzodiorite",-0.00186,0.00914,0.84,561,1
"pH_top2m","hi","2_872","NH4_dep_1985_2015",-0.424,0.211,0.0518,561,1
"pH_top2m","hi","2_650","Cl_dep_1990_1999",0.0834,0.04,0.0437,561,1
"pH_top2m","hi","2_915","quartzmonzodiorite",-0.00197,0.00914,0.83,561,1
"pH_top2m","hi","2_915","NH4_dep_1990_1999",-0.385,0.19,0.05,561,1
"pH_top2m","hi","2_774","N_dep_1985_1989",-0.222,0.11,0.0507,561,1
"pH_top2m","hi","2_774","quartzmonzodiorite",-0.0015,0.00916,0.871,561,1
"pH_top2m","hi","2_490","andesite",-0.00869,0.00517,0.101,561,1
"pH_top2m","hi","2_490","forest",-0.00402,0.00485,0.412,561,1
"pH_top2m","hi","2_673","Cl_dep_2000_2009",0.0441,0.0277,0.12,561,1
"pH_top2m","hi","2_643","NH4_dep_2000_2009",-1.39,0.578,0.0213,561,1
"pH_top2m","hi","2_650","SO4_dep_1985_2015",-0.253,0.101,0.017,561,1
"pH_top2m","hi","2_1005","quartzmonzodiorite",-0.00125,0.00917,0.892,561,1
"pH_top2m","hi","2_673","NH4_dep_2000_2009",-1.25,0.517,0.0207,561,1
"pH_top2m","hi","2_1005","NO3_dep_1990_1999",-0.0691,0.0323,0.0393,561,1
"pH_top2m","hi","2_989","NO3_dep_1985_1989",-0.0866,0.0415,0.0439,561,1
"pH_top2m","hi","2_643","Cl_dep_1990_1999",0.0412,0.0249,0.107,561,1
"pH_top2m","hi","2_972","NO3_dep_1985_2015",-0.0797,0.0385,0.0456,561,1
"pH_top2m","lo","2_643","NH4_dep_2000_2009",0.844,0.578,0.153,561,1
"pH_top2m","lo","2_972","quartzmonzodiorite",-0.0192,0.00917,0.0432,561,1
"pH_top2m","lo","2_643","Cl_dep_1990_1999",0.0102,0.0249,0.684,561,1
"pH_top2m","lo","2_384","solar_jas",0.000188,4.29e-05,9.3e-05,561,1
"pH_top2m","lo","2_774","N_dep_1985_1989",0.481,0.11,9.84e-05,561,1
"pH_top2m","lo","2_650","Cl_dep_1990_1999",-0.00659,0.04,0.87,561,1
"pH_top2m","lo","2_774","quartzmonzodiorite",-0.019,0.00916,0.0446,561,1
"pH_top2m","lo","2_490","andesite",0.00438,0.00517,0.402,561,1
"pH_top2m","lo","2_490","forest",0.0177,0.00485,0.000814,561,1
"pH_top2m","lo","2_872","quartzmonzodiorite",-0.0183,0.00914,0.0532,561,1
"pH_top2m","lo","2_673","Cl_dep_2000_2009",0.0156,0.0277,0.576,561,1
"pH_top2m","lo","2_384","quartzmonzodiorite",-0.0221,0.0093,0.0227,561,1
"pH_top2m","lo","2_652","SO4_dep_1990_1999",0.0872,0.0696,0.218,561,1
"pH_top2m","lo","2_989","quartzmonzodiorite",-0.0189,0.00917,0.0466,561,1
"pH_top2m","lo","2_989","NO3_dep_1985_1989",0.178,0.0415,0.000128,561,1
"pH_top2m","lo","2_915","quartzmonzodiorite",-0.0179,0.00914,0.0571,561,1
"pH_top2m","lo","2_673","NH4_dep_2000_2009",0.803,0.517,0.129,561,1
"pH_top2m","lo","2_1005","NO3_dep_1990_1999",0.138,0.0323,0.000127,561,1
"pH_top2m","lo","2_972","NO3_dep_1985_2015",0.166,0.0385,0.000119,561,1
"pH_top2m","lo","2_872","NH4_dep_1985_2015",0.915,0.211,0.000107,561,1
"pH_top2m","lo","2_650","SO4_dep_1985_2015",0.13,0.101,0.206,561,1
"pH_top2m","lo","2_652","Cl_dep_1990_1999",0.00291,0.0337,0.932,561,1
"pH_top2m","lo","2_915","NH4_dep_1990_1999",0.818,0.19,0.000119,561,1
"pH_top2m","lo","2_1005","quartzmonzodiorite",-0.0191,0.00917,0.0442,561,1
"pH_top2m","mid","2_652","SO4_dep_1990_1999",0.00984,0.024,0.685,561,1
"pH_top2m","mid","2_650","SO4_dep_1985_2015",0.0144,0.0357,0.688,561,1
"pH_top2m","mid","2_650","Cl_dep_1990_1999",-0.00896,0.014,0.525,561,1
"pH_top2m","mid","2_989","NO3_dep_1985_1989",-0.0111,0.0145,0.45,561,1
"pH_top2m","mid","2_490","forest",-0.0016,0.00166,0.342,561,1
"pH_top2m","mid","2_915","NH4_dep_1990_1999",-0.0516,0.0657,0.437,561,1
"pH_top2m","mid","2_1005","NO3_dep_1990_1999",-0.00851,0.0113,0.457,561,1
"pH_top2m","mid","2_972","quartzmonzodiorite",0.00256,0.00324,0.435,561,1
"pH_top2m","mid","2_1005","quartzmonzodiorite",0.00254,0.00324,0.439,561,1
"pH_top2m","mid","2_384","quartzmonzodiorite",0.00284,0.00329,0.394,561,1
"pH_top2m","mid","2_652","Cl_dep_1990_1999",-0.00799,0.0115,0.493,561,1
"pH_top2m","mid","2_872","NH4_dep_1985_2015",-0.0591,0.0732,0.425,561,1
"pH_top2m","mid","2_872","quartzmonzodiorite",0.0025,0.00323,0.444,561,1
"pH_top2m","mid","2_989","quartzmonzodiorite",0.00253,0.00324,0.44,561,1
"pH_top2m","mid","2_915","quartzmonzodiorite",0.00247,0.00323,0.448,561,1
"pH_top2m","mid","2_384","solar_jas",-1.4e-05,1.52e-05,0.363,561,1
"pH_top2m","mid","2_673","Cl_dep_2000_2009",-0.00672,0.00945,0.481,561,1
"pH_top2m","mid","2_972","NO3_dep_1985_2015",-0.0106,0.0135,0.438,561,1
"pH_top2m","mid","2_643","Cl_dep_1990_1999",-0.00593,0.00858,0.494,561,1
"pH_top2m","mid","2_673","NH4_dep_2000_2009",0.0493,0.18,0.786,561,1
"pH_top2m","mid","2_643","NH4_dep_2000_2009",0.0629,0.202,0.757,561,1
"pH_top2m","mid","2_774","N_dep_1985_1989",-0.031,0.0382,0.422,561,1
"pH_top2m","mid","2_774","quartzmonzodiorite",0.00255,0.00324,0.435,561,1
"pH_top2m","mid","2_490","andesite",0.000511,0.00173,0.769,561,1
"pH_top2m","hi","2_580","NH4_dep_2000_2009",-1.35,0.565,0.0222,562,2
"pH_top2m","hi","2_642","Cl_dep_1990_1999",0.0471,0.0266,0.0848,562,2
"pH_top2m","hi","2_683","Cl_dep_2000_2009",0.099,0.0491,0.0509,562,2
"pH_top2m","hi","2_222","quartzmonzodiorite",0.000169,0.00944,0.986,562,2
"pH_top2m","hi","2_222","elevmean_wshed",-0.000205,0.000119,0.0943,562,2
"pH_top2m","hi","2_179","quartzmonzodiorite",0.000165,0.00946,0.986,562,2
"pH_top2m","hi","2_179","Elevation_m",-0.000217,0.000131,0.107,562,2
"pH_top2m","hi","2_580","Cl_dep_1985_2015",0.0451,0.0278,0.114,562,2
"pH_top2m","hi","2_590","Cl_dep_1985_2015",0.104,0.0525,0.0542,562,2
"pH_top2m","hi","2_642","NH4_dep_1990_1999",-1.13,0.459,0.0185,562,2
"pH_top2m","hi","2_590","SO4_dep_2000_2009",-0.326,0.14,0.0254,562,2
"pH_top2m","hi","2_683","SO4_dep_2000_2009",-0.29,0.121,0.0215,562,2
"pH_top2m","lo","2_222","quartzmonzodiorite",-0.0243,0.00944,0.0141,562,2
"pH_top2m","lo","2_222","elevmean_wshed",0.000519,0.000119,0.000103,562,2
"pH_top2m","lo","2_642","NH4_dep_1990_1999",0.574,0.459,0.219,562,2
"pH_top2m","lo","2_590","SO4_dep_2000_2009",0.218,0.14,0.128,562,2
"pH_top2m","lo","2_580","Cl_dep_1985_2015",0.0118,0.0278,0.673,562,2
"pH_top2m","lo","2_580","NH4_dep_2000_2009",0.842,0.565,0.145,562,2
"pH_top2m","lo","2_179","quartzmonzodiorite",-0.0248,0.00946,0.0128,562,2
"pH_top2m","lo","2_179","Elevation_m",0.000573,0.000131,9.83e-05,562,2
"pH_top2m","lo","2_590","Cl_dep_1985_2015",-0.0303,0.0525,0.567,562,2
"pH_top2m","lo","2_683","SO4_dep_2000_2009",0.182,0.121,0.141,562,2
"pH_top2m","lo","2_683","Cl_dep_2000_2009",-0.018,0.0491,0.716,562,2
"pH_top2m","lo","2_642","Cl_dep_1990_1999",0.0125,0.0266,0.64,562,2
"pH_top2m","mid","2_222","quartzmonzodiorite",0.00303,0.00334,0.37,562,2
"pH_top2m","mid","2_222","elevmean_wshed",-3.99e-05,4.26e-05,0.354,562,2
"pH_top2m","mid","2_179","quartzmonzodiorite",0.00309,0.00335,0.362,562,2
"pH_top2m","mid","2_179","Elevation_m",-4.52e-05,4.68e-05,0.34,562,2
"pH_top2m","mid","2_580","Cl_dep_1985_2015",-0.0065,0.00956,0.501,562,2
"pH_top2m","mid","2_580","NH4_dep_2000_2009",0.0572,0.197,0.773,562,2
"pH_top2m","mid","2_590","Cl_dep_1985_2015",-0.00867,0.0186,0.644,562,2
"pH_top2m","mid","2_642","NH4_dep_1990_1999",0.0636,0.16,0.693,562,2
"pH_top2m","mid","2_590","SO4_dep_2000_2009",0.0129,0.0501,0.798,562,2
"pH_top2m","mid","2_642","Cl_dep_1990_1999",-0.00684,0.00915,0.46,562,2
"pH_top2m","mid","2_683","Cl_dep_2000_2009",-0.00916,0.0172,0.597,562,2
"pH_top2m","mid","2_683","SO4_dep_2000_2009",0.0122,0.0428,0.778,562,2
"ProfTemp_top2m","hi","2_859","NO3_dep_1990_1999",0.589,0.233,0.0157,541,0
"ProfTemp_top2m","hi","2_859","NH4_dep_1985_2015",-5.21,1.52,0.00153,541,0
"ProfTemp_top2m","lo","2_859","NO3_dep_1990_1999",-0.581,0.233,0.0171,541,0
"ProfTemp_top2m","lo","2_859","NH4_dep_1985_2015",4.26,1.52,0.00805,541,0
"ProfTemp_top2m","mid","2_859","NO3_dep_1990_1999",0.00157,0.079,0.984,541,0
"ProfTemp_top2m","mid","2_859","NH4_dep_1985_2015",0.0938,0.516,0.857,541,0
"ProfTemp_top2m","hi","2_734","N_dep_1985_2015",-2.36,0.693,0.00158,542,1
"ProfTemp_top2m","hi","2_734","NO3_dep_1990_1999",0.595,0.235,0.0157,542,1
"ProfTemp_top2m","lo","2_734","N_dep_1985_2015",1.78,0.693,0.0143,542,1
"ProfTemp_top2m","lo","2_734","NO3_dep_1990_1999",-0.535,0.235,0.0289,542,1
"ProfTemp_top2m","mid","2_734","N_dep_1985_2015",0.0656,0.234,0.781,542,1
"ProfTemp_top2m","mid","2_734","NO3_dep_1990_1999",-0.00628,0.0795,0.938,542,1
"secchi_value_m","hi","2_1079","graywacke",0.00729,0.00478,0.136,497,0
"secchi_value_m","hi","2_1079","SO4_dep_2000_2009",0.0396,0.0434,0.368,497,0
"secchi_value_m","hi","2_893","NH4_dep_1985_1989",0.376,0.336,0.271,497,0
"secchi_value_m","hi","2_893","graywacke",0.00744,0.00431,0.0933,497,0
"secchi_value_m","lo","2_893","graywacke",0.00818,0.00428,0.0644,497,0
"secchi_value_m","lo","2_1079","graywacke",0.0128,0.00476,0.0109,497,0
"secchi_value_m","lo","2_893","NH4_dep_1985_1989",-1.94,0.329,1.09e-06,497,0
"secchi_value_m","lo","2_1079","SO4_dep_2000_2009",-0.255,0.0431,9.74e-07,497,0
"secchi_value_m","mid","2_893","NH4_dep_1985_1989",0.197,0.116,0.0977,497,0
"secchi_value_m","mid","2_1079","SO4_dep_2000_2009",0.027,0.0152,0.0839,497,0
"secchi_value_m","mid","2_893","graywacke",-0.0021,0.00161,0.2,497,0
"secchi_value_m","mid","2_1079","graywacke",-0.00266,0.00178,0.143,497,0
"secchi_value_m","hi","2_934","graywacke",0.00773,0.00424,0.0767,498,1
"secchi_value_m","hi","2_1058","graywacke",0.00741,0.00442,0.102,498,1
"secchi_value_m","hi","2_1046","SO4_dep_1985_2015",0.0336,0.0348,0.341,498,1
"secchi_value_m","hi","2_1069","graywacke",0.00731,0.00443,0.108,498,1
"secchi_value_m","hi","2_1069","SO4_dep_1990_1999",0.0298,0.0275,0.286,498,1
"secchi_value_m","hi","2_934","NH4_dep_2000_2009",0.316,0.296,0.293,498,1
"secchi_value_m","hi","2_1058","SO4_dep_1985_1989",0.029,0.0273,0.295,498,1
"secchi_value_m","hi","2_1046","graywacke",0.00738,0.0046,0.117,498,1
"secchi_value_m","lo","2_1058","graywacke",0.0091,0.00438,0.0453,498,1
"secchi_value_m","lo","2_1069","graywacke",0.00921,0.00439,0.0433,498,1
"secchi_value_m","lo","2_1069","SO4_dep_1990_1999",-0.157,0.0268,1.17e-06,498,1
"secchi_value_m","lo","2_1058","SO4_dep_1985_1989",-0.157,0.0267,1.18e-06,498,1
"secchi_value_m","lo","2_1046","graywacke",0.0108,0.00457,0.0236,498,1
"secchi_value_m","lo","2_1046","SO4_dep_1985_2015",-0.201,0.0343,1.25e-06,498,1
"secchi_value_m","lo","2_934","graywacke",0.00705,0.0042,0.103,498,1
"secchi_value_m","lo","2_934","NH4_dep_2000_2009",-1.67,0.289,1.46e-06,498,1
"secchi_value_m","mid","2_1069","graywacke",-0.0022,0.00165,0.189,498,1
"secchi_value_m","mid","2_934","NH4_dep_2000_2009",0.171,0.102,0.101,498,1
"secchi_value_m","mid","2_1058","SO4_dep_1985_1989",0.0162,0.00944,0.096,498,1
"secchi_value_m","mid","2_1046","SO4_dep_1985_2015",0.021,0.0121,0.0917,498,1
"secchi_value_m","mid","2_1069","SO4_dep_1990_1999",0.016,0.00943,0.0983,498,1
"secchi_value_m","mid","2_934","graywacke",-0.00199,0.00158,0.217,498,1
"secchi_value_m","mid","2_1058","graywacke",-0.00222,0.00165,0.187,498,1
"secchi_value_m","mid","2_1046","graywacke",-0.00242,0.00171,0.166,498,1
"secchi_value_m","hi","2_753","N_dep_2010_2014",-0.4,0.318,0.217,499,2
"secchi_value_m","hi","2_753","N_dep_1985_1989",0.795,0.44,0.0797,499,2
"secchi_value_m","hi","2_914","graywacke",0.00771,0.00422,0.0765,499,2
"secchi_value_m","hi","2_914","NH4_dep_1990_1999",0.24,0.22,0.282,499,2
"secchi_value_m","hi","2_726","N_dep_1985_2015",0.93,0.548,0.0989,499,2
"secchi_value_m","hi","2_726","N_dep_2010_2014",-0.609,0.459,0.193,499,2
"secchi_value_m","lo","2_914","NH4_dep_1990_1999",-1.23,0.214,1.63e-06,499,2
"secchi_value_m","lo","2_914","graywacke",0.00677,0.00419,0.115,499,2
"secchi_value_m","lo","2_726","N_dep_1985_2015",-2.04,0.527,0.000464,499,2
"secchi_value_m","lo","2_726","N_dep_2010_2014",1.31,0.446,0.00564,499,2
"secchi_value_m","lo","2_753","N_dep_1985_1989",-1.65,0.433,0.000529,499,2
"secchi_value_m","lo","2_753","N_dep_2010_2014",0.791,0.316,0.0173,499,2
"secchi_value_m","mid","2_726","N_dep_1985_2015",0.154,0.199,0.442,499,2
"secchi_value_m","mid","2_726","N_dep_2010_2014",-0.101,0.171,0.558,499,2
"secchi_value_m","mid","2_753","N_dep_1985_1989",0.116,0.162,0.48,499,2
"secchi_value_m","mid","2_753","N_dep_2010_2014",-0.0541,0.121,0.657,499,2
"secchi_value_m","mid","2_914","NH4_dep_1990_1999",0.125,0.0754,0.106,499,2
"secchi_value_m","mid","2_914","graywacke",-0.00195,0.00158,0.224,499,2
"SO4","hi","2_643","Cl_dep_1990_1999",-0.0729,0.0237,0.00396,564,0
"SO4","hi","2_643","NH4_dep_2000_2009",1.55,0.551,0.00788,564,0
"SO4","hi","2_650","Cl_dep_1990_1999",-0.122,0.0381,0.00277,564,0
"SO4","hi","2_650","SO4_dep_1985_2015",0.287,0.0965,0.0051,564,0
"SO4","hi","2_641","Cl_dep_1990_1999",-0.0889,0.0289,0.00394,564,0
"SO4","hi","2_641","NH4_dep_1985_1989",2.11,0.751,0.00779,564,0
"SO4","lo","2_650","Cl_dep_1990_1999",0.231,0.0381,5.04e-07,564,0
"SO4","lo","2_641","NH4_dep_1985_1989",-4.04,0.751,4.32e-06,564,0
"SO4","lo","2_641","Cl_dep_1990_1999",0.181,0.0289,2.9e-07,564,0
"SO4","lo","2_643","NH4_dep_2000_2009",-3,0.551,3.47e-06,564,0
"SO4","lo","2_650","SO4_dep_1985_2015",-0.515,0.0965,4.89e-06,564,0
"SO4","lo","2_643","Cl_dep_1990_1999",0.152,0.0237,1.83e-07,564,0
"SO4","mid","2_643","NH4_dep_2000_2009",0.173,0.188,0.363,564,0
"SO4","mid","2_650","Cl_dep_1990_1999",-0.0133,0.0131,0.32,564,0
"SO4","mid","2_650","SO4_dep_1985_2015",0.0274,0.033,0.412,564,0
"SO4","mid","2_641","Cl_dep_1990_1999",-0.0111,0.01,0.272,564,0
"SO4","mid","2_641","NH4_dep_1985_1989",0.23,0.256,0.375,564,0
"SO4","mid","2_643","Cl_dep_1990_1999",-0.00958,0.00823,0.252,564,0
"SO4","hi","2_636","N_dep_1985_1989",0.738,0.243,0.00442,565,1
"SO4","hi","2_640","NH4_dep_1985_2015",1.45,0.48,0.00452,565,1
"SO4","hi","2_651","SO4_dep_1985_1989",0.191,0.0676,0.00755,565,1
"SO4","hi","2_636","Cl_dep_1990_1999",-0.0799,0.0244,0.00231,565,1
"SO4","hi","2_640","Cl_dep_1990_1999",-0.0819,0.0251,0.00234,565,1
"SO4","hi","2_651","Cl_dep_1990_1999",-0.101,0.0327,0.00393,565,1
"SO4","lo","2_636","N_dep_1985_1989",-1.26,0.243,8.15e-06,565,1
"SO4","lo","2_640","Cl_dep_1990_1999",0.155,0.0251,3.54e-07,565,1
"SO4","lo","2_651","Cl_dep_1990_1999",0.2,0.0327,4.33e-07,565,1
"SO4","lo","2_651","SO4_dep_1985_1989",-0.359,0.0676,5.36e-06,565,1
"SO4","lo","2_636","Cl_dep_1990_1999",0.15,0.0244,4.14e-07,565,1
"SO4","lo","2_640","NH4_dep_1985_2015",-2.51,0.48,6.64e-06,565,1
"SO4","mid","2_651","SO4_dep_1985_1989",0.0202,0.0231,0.389,565,1
"SO4","mid","2_636","N_dep_1985_1989",0.0634,0.0835,0.452,565,1
"SO4","mid","2_640","NH4_dep_1985_2015",0.128,0.164,0.44,565,1
"SO4","mid","2_651","Cl_dep_1990_1999",-0.0121,0.0113,0.291,565,1
"SO4","mid","2_636","Cl_dep_1990_1999",-0.00863,0.00852,0.318,565,1
"SO4","mid","2_640","Cl_dep_1990_1999",-0.00898,0.00872,0.31,565,1
"SO4","hi","2_590","Cl_dep_1985_2015",-0.142,0.0501,0.0074,566,2
"SO4","hi","2_580","NH4_dep_2000_2009",1.47,0.54,0.00984,566,2
"SO4","hi","2_580","Cl_dep_1985_2015",-0.0796,0.0266,0.00492,566,2
"SO4","hi","2_653","Cl_dep_1990_1999",-0.127,0.0444,0.00679,566,2
"SO4","hi","2_653","SO4_dep_2000_2009",0.36,0.136,0.0118,566,2
"SO4","hi","2_590","SO4_dep_2000_2009",0.35,0.134,0.0129,566,2
"SO4","lo","2_590","SO4_dep_2000_2009",-0.714,0.134,5.07e-06,566,2
"SO4","lo","2_653","Cl_dep_1990_1999",0.266,0.0444,6.51e-07,566,2
"SO4","lo","2_590","Cl_dep_1985_2015",0.3,0.0501,6.46e-07,566,2
"SO4","lo","2_580","NH4_dep_2000_2009",-2.87,0.54,5.5e-06,566,2
"SO4","lo","2_580","Cl_dep_1985_2015",0.167,0.0266,2.68e-07,566,2
"SO4","lo","2_653","SO4_dep_2000_2009",-0.725,0.136,4.94e-06,566,2
"SO4","mid","2_580","NH4_dep_2000_2009",0.166,0.184,0.374,566,2
"SO4","mid","2_580","Cl_dep_1985_2015",-0.0106,0.00923,0.258,566,2
"SO4","mid","2_653","Cl_dep_1990_1999",-0.0169,0.0154,0.28,566,2
"SO4","mid","2_653","SO4_dep_2000_2009",0.0441,0.0468,0.352,566,2
"SO4","mid","2_590","SO4_dep_2000_2009",0.0436,0.046,0.35,566,2
"SO4","mid","2_590","Cl_dep_1985_2015",-0.0191,0.0173,0.276,566,2
"SpCond_top2m","hi","2_464","forest",0.0168,0.00681,0.0185,549,0
"SpCond_top2m","hi","2_464","outlet",-0.4,0.326,0.227,549,0
"SpCond_top2m","lo","2_464","forest",-0.00626,0.00681,0.364,549,0
"SpCond_top2m","lo","2_464","outlet",0.902,0.326,0.00868,549,0
"SpCond_top2m","mid","2_464","forest",-0.00111,0.00236,0.64,549,0
"SpCond_top2m","mid","2_464","outlet",-0.0749,0.118,0.529,549,0
"SpCond_top2m","hi","2_96","Watershed_area_ha",0.00455,0.00379,0.238,550,1
"SpCond_top2m","hi","2_96","Watershed_area_to_lake_area_ratio",-0.00289,0.00312,0.361,550,1
"SpCond_top2m","hi","2_885","NH4_dep_1985_1989",5.45,4.42,0.226,550,1
"SpCond_top2m","hi","2_885","SO4_dep_1985_1989",-0.4,0.351,0.262,550,1
"SpCond_top2m","lo","2_885","NH4_dep_1985_1989",12.3,4.42,0.00839,550,1
"SpCond_top2m","lo","2_885","SO4_dep_1985_1989",-0.928,0.351,0.012,550,1
"SpCond_top2m","lo","2_96","Watershed_area_ha",0.0146,0.00379,0.000458,550,1
"SpCond_top2m","lo","2_96","Watershed_area_to_lake_area_ratio",-0.00666,0.00312,0.0395,550,1
"SpCond_top2m","mid","2_96","Watershed_area_ha",-0.00243,0.00135,0.0801,550,1
"SpCond_top2m","mid","2_96","Watershed_area_to_lake_area_ratio",0.00118,0.0011,0.289,550,1
"SpCond_top2m","mid","2_885","NH4_dep_1985_1989",-2.26,1.56,0.155,550,1
"SpCond_top2m","mid","2_885","SO4_dep_1985_1989",0.169,0.123,0.179,550,1
"SpCond_top2m","hi","2_927","NH4_dep_2000_2009",0.781,1.55,0.617,551,2
"SpCond_top2m","hi","2_813","NO3_dep_2000_2009",-0.428,0.372,0.258,551,2
"SpCond_top2m","hi","2_102","Watershed_area_ha",-0.00149,0.00322,0.647,551,2
"SpCond_top2m","hi","2_102","forest",0.0117,0.00524,0.0313,551,2
"SpCond_top2m","hi","2_559","andesite",0.00568,0.00514,0.277,551,2
"SpCond_top2m","hi","2_926","NH4_dep_2000_2009",1.42,1.39,0.314,551,2
"SpCond_top2m","hi","2_560","outlet",0.0771,0.23,0.739,551,2
"SpCond_top2m","hi","2_926","SO4_dep_1985_1989",-0.0921,0.124,0.461,551,2
"SpCond_top2m","hi","2_927","SO4_dep_1990_1999",-0.0341,0.137,0.806,551,2
"SpCond_top2m","hi","2_813","N_dep_2000_2009",1.25,0.961,0.201,551,2
"SpCond_top2m","hi","2_559","outlet",0.113,0.231,0.628,551,2
"SpCond_top2m","hi","2_560","basalt",0.0111,0.00689,0.115,551,2
"SpCond_top2m","lo","2_926","NH4_dep_2000_2009",3.78,1.39,0.01,551,2
"SpCond_top2m","lo","2_813","N_dep_2000_2009",2.25,0.961,0.025,551,2
"SpCond_top2m","lo","2_813","NO3_dep_2000_2009",-0.756,0.372,0.0494,551,2
"SpCond_top2m","lo","2_926","SO4_dep_1985_1989",-0.282,0.124,0.0287,551,2
"SpCond_top2m","lo","2_927","NH4_dep_2000_2009",4.52,1.55,0.00589,551,2
"SpCond_top2m","lo","2_559","outlet",0.526,0.231,0.0285,551,2
"SpCond_top2m","lo","2_559","andesite",0.00984,0.00514,0.0633,551,2
"SpCond_top2m","lo","2_927","SO4_dep_1990_1999",-0.347,0.137,0.0159,551,2
"SpCond_top2m","lo","2_560","basalt",-0.0125,0.00689,0.0786,551,2
"SpCond_top2m","lo","2_102","forest",0.000567,0.00524,0.914,551,2
"SpCond_top2m","lo","2_102","Watershed_area_ha",0.0089,0.00322,0.00897,551,2
"SpCond_top2m","lo","2_560","outlet",0.817,0.23,0.00105,551,2
"SpCond_top2m","mid","2_927","NH4_dep_2000_2009",-0.747,0.568,0.197,551,2
"SpCond_top2m","mid","2_559","outlet",-0.0852,0.0843,0.319,551,2
"SpCond_top2m","mid","2_102","Watershed_area_ha",-0.000991,0.00116,0.398,551,2
"SpCond_top2m","mid","2_560","outlet",-0.12,0.0842,0.162,551,2
"SpCond_top2m","mid","2_560","basalt",0.000308,0.00238,0.898,551,2
"SpCond_top2m","mid","2_927","SO4_dep_1990_1999",0.0548,0.0501,0.28,551,2
"SpCond_top2m","mid","2_926","NH4_dep_2000_2009",-0.704,0.501,0.168,551,2
"SpCond_top2m","mid","2_926","SO4_dep_1985_1989",0.0511,0.044,0.253,551,2
"SpCond_top2m","mid","2_559","andesite",-0.0019,0.00182,0.305,551,2
"SpCond_top2m","mid","2_102","forest",-0.00145,0.00182,0.432,551,2
"SpCond_top2m","mid","2_813","N_dep_2000_2009",-0.44,0.347,0.212,551,2
"SpCond_top2m","mid","2_813","NO3_dep_2000_2009",0.15,0.135,0.274,551,2
"Total N","hi","2_387","solar_jas",-0.000182,3.78e-05,2.5e-05,531,0
"Total N","hi","2_387","tholeiite",1.59,0.487,0.00232,531,0
"Total N","lo","2_387","tholeiite",-1.53,0.487,0.00322,531,0
"Total N","lo","2_387","solar_jas",0.000302,3.78e-05,1.46e-09,531,0
"Total N","mid","2_387","tholeiite",0.00057,0.155,0.997,531,0
"Total N","mid","2_387","solar_jas",-1.43e-05,1.31e-05,0.281,531,0
"Total N","hi","2_750","tholeiite",1.58,0.488,0.00252,532,1
"Total N","hi","2_852","N_dep_2010_2014",-0.353,0.0722,2e-05,532,1
"Total N","hi","2_750","N_dep_1985_2015",-0.42,0.0854,1.81e-05,532,1
"Total N","hi","2_1092","tholeiite",1.72,0.493,0.00125,532,1
"Total N","hi","2_1092","SO4_dep_2010_2014",-0.172,0.0336,9.82e-06,532,1
"Total N","hi","2_828","tholeiite",1.51,0.485,0.00348,532,1
"Total N","hi","2_957","NH4_dep_2010_2014",-0.657,0.132,1.57e-05,532,1
"Total N","hi","2_957","tholeiite",1.65,0.49,0.0018,532,1
"Total N","hi","2_828","N_dep_2000_2009",-0.489,0.0997,1.88e-05,532,1
"Total N","hi","2_852","tholeiite",1.63,0.489,0.00197,532,1
"Total N","lo","2_852","N_dep_2010_2014",0.566,0.0722,2.24e-09,532,1
"Total N","lo","2_957","NH4_dep_2010_2014",1.03,0.132,2.71e-09,532,1
"Total N","lo","2_1092","tholeiite",-1.65,0.493,0.00189,532,1
"Total N","lo","2_957","tholeiite",-1.57,0.49,0.00272,532,1
"Total N","lo","2_750","N_dep_1985_2015",0.663,0.0854,2.75e-09,532,1
"Total N","lo","2_852","tholeiite",-1.57,0.489,0.00281,532,1
"Total N","lo","2_828","tholeiite",-1.37,0.485,0.00741,532,1
"Total N","lo","2_1092","SO4_dep_2010_2014",0.258,0.0336,3.66e-09,532,1
"Total N","lo","2_828","N_dep_2000_2009",0.777,0.0997,2.55e-09,532,1
"Total N","lo","2_750","tholeiite",-1.48,0.488,0.00449,532,1
"Total N","mid","2_852","N_dep_2010_2014",-0.0261,0.0253,0.308,532,1
"Total N","mid","2_957","NH4_dep_2010_2014",-0.0459,0.0465,0.33,532,1
"Total N","mid","2_1092","SO4_dep_2010_2014",-0.0107,0.0118,0.373,532,1
"Total N","mid","2_1092","tholeiite",0.000294,0.157,0.999,532,1
"Total N","mid","2_852","tholeiite",0.000982,0.156,0.995,532,1
"Total N","mid","2_957","tholeiite",6.5e-06,0.156,1,532,1
"Total N","mid","2_828","N_dep_2000_2009",-0.0347,0.0346,0.323,532,1
"Total N","mid","2_828","tholeiite",-0.00888,0.154,0.954,532,1
"Total N","mid","2_750","N_dep_1985_2015",-0.0294,0.0297,0.328,532,1
"Total N","mid","2_750","tholeiite",-0.00458,0.155,0.977,532,1
"Total P","hi","2_927","NH4_dep_2000_2009",-0.897,1.55,0.567,592,0
"Total P","hi","2_927","SO4_dep_1990_1999",0.00823,0.138,0.953,592,0
"Total P","hi","2_653","SO4_dep_2000_2009",-0.162,0.144,0.268,592,0
"Total P","hi","2_653","Cl_dep_1990_1999",0.0205,0.0472,0.667,592,0
"Total P","hi","2_805","N_dep_2000_2009",0.288,0.912,0.754,592,0
"Total P","hi","2_805","NH4_dep_1985_2015",-1.2,1.73,0.49,592,0
"Total P","lo","2_805","NH4_dep_1985_2015",4.78,1.73,0.00871,592,0
"Total P","lo","2_653","SO4_dep_2000_2009",-0.402,0.144,0.00834,592,0
"Total P","lo","2_653","Cl_dep_1990_1999",0.138,0.0472,0.00595,592,0
"Total P","lo","2_927","NH4_dep_2000_2009",-4.44,1.55,0.00685,592,0
"Total P","lo","2_927","SO4_dep_1990_1999",0.394,0.138,0.00694,592,0
"Total P","lo","2_805","N_dep_2000_2009",-2.56,0.912,0.00789,592,0
"Total P","mid","2_927","NH4_dep_2000_2009",0.628,0.538,0.251,592,0
"Total P","mid","2_805","N_dep_2000_2009",0.272,0.32,0.402,592,0
"Total P","mid","2_927","SO4_dep_1990_1999",-0.0473,0.048,0.331,592,0
"Total P","mid","2_653","Cl_dep_1990_1999",-0.0186,0.0164,0.264,592,0
"Total P","mid","2_653","SO4_dep_2000_2009",0.0664,0.0497,0.19,592,0
"Total P","mid","2_805","NH4_dep_1985_2015",-0.428,0.608,0.486,592,0
"Total P","hi","2_612","Cl_dep_1985_1989",0.00068,0.0331,0.984,593,1
"Total P","hi","2_612","NH4_dep_2000_2009",-0.818,0.651,0.217,593,1
"Total P","hi","2_425","solar_dec",-0.00164,0.000592,0.00877,593,1
"Total P","hi","2_638","N_dep_2000_2009",-0.286,0.232,0.225,593,1
"Total P","hi","2_638","Cl_dep_1990_1999",-0.00643,0.0229,0.78,593,1
"Total P","hi","2_815","N_dep_2000_2009",-0.185,0.451,0.685,593,1
"Total P","hi","2_815","SO4_dep_1985_2015",-0.041,0.113,0.719,593,1
"Total P","hi","2_816","N_dep_2000_2009",-0.181,0.448,0.688,593,1
"Total P","hi","2_816","SO4_dep_1985_1989",-0.0341,0.0913,0.711,593,1
"Total P","hi","2_817","N_dep_2000_2009",-0.144,0.455,0.754,593,1
"Total P","hi","2_817","SO4_dep_1990_1999",-0.042,0.0928,0.654,593,1
"Total P","hi","2_622","Cl_dep_1985_1989",0.0169,0.0604,0.782,593,1
"Total P","hi","2_622","SO4_dep_2000_2009",-0.144,0.156,0.362,593,1
"Total P","hi","2_607","N_dep_2000_2009",-0.275,0.247,0.273,593,1
"Total P","hi","2_607","Cl_dep_1985_1989",-0.00888,0.0289,0.76,593,1
"Total P","hi","2_877","NH4_dep_1985_1989",-0.004,1.97,0.998,593,1
"Total P","hi","2_877","NH4_dep_2000_2009",-0.802,1.76,0.651,593,1
"Total P","hi","2_590","Cl_dep_1985_2015",0.031,0.0534,0.564,593,1
"Total P","hi","2_590","SO4_dep_2000_2009",-0.182,0.143,0.21,593,1
"Total P","hi","2_617","Cl_dep_1985_1989",-0.00835,0.03,0.782,593,1
"Total P","hi","2_617","NO3_dep_2000_2009",-0.108,0.0994,0.285,593,1
"Total P","hi","2_425","tholeiite",-0.0262,0.565,0.963,593,1
"Total P","lo","2_817","N_dep_2000_2009",-1.26,0.455,0.00855,593,1
"Total P","lo","2_816","SO4_dep_1985_1989",0.246,0.0913,0.0106,593,1
"Total P","lo","2_815","N_dep_2000_2009",-1.28,0.451,0.00745,593,1
"Total P","lo","2_617","Cl_dep_1985_1989",0.0801,0.03,0.0112,593,1
"Total P","lo","2_617","NO3_dep_2000_2009",-0.256,0.0994,0.0142,593,1
"Total P","lo","2_638","Cl_dep_1990_1999",0.0619,0.0229,0.0104,593,1
"Total P","lo","2_590","Cl_dep_1985_2015",0.148,0.0534,0.0088,593,1
"Total P","lo","2_816","N_dep_2000_2009",-1.22,0.448,0.0097,593,1
"Total P","lo","2_817","SO4_dep_1990_1999",0.255,0.0928,0.00934,593,1
"Total P","lo","2_638","N_dep_2000_2009",-0.602,0.232,0.0135,593,1
"Total P","lo","2_622","Cl_dep_1985_1989",0.169,0.0604,0.00805,593,1
"Total P","lo","2_612","Cl_dep_1985_1989",0.0886,0.0331,0.0111,593,1
"Total P","lo","2_607","Cl_dep_1985_1989",0.0791,0.0289,0.00945,593,1
"Total P","lo","2_607","N_dep_2000_2009",-0.658,0.247,0.0115,593,1
"Total P","lo","2_877","NH4_dep_1985_1989",5.2,1.97,0.0121,593,1
"Total P","lo","2_622","SO4_dep_2000_2009",-0.42,0.156,0.0107,593,1
"Total P","lo","2_590","SO4_dep_2000_2009",-0.376,0.143,0.0122,593,1
"Total P","lo","2_815","SO4_dep_1985_2015",0.316,0.113,0.00811,593,1
"Total P","lo","2_425","tholeiite",1.55,0.565,0.00926,593,1
"Total P","lo","2_425","solar_dec",-0.000907,0.000592,0.134,593,1
"Total P","lo","2_612","NH4_dep_2000_2009",-1.67,0.651,0.0147,593,1
"Total P","lo","2_877","NH4_dep_2000_2009",-4.67,1.76,0.0118,593,1
"Total P","mid","2_638","Cl_dep_1990_1999",-0.00645,0.00803,0.427,593,1
"Total P","mid","2_612","Cl_dep_1985_1989",-0.0103,0.0115,0.379,593,1
"Total P","mid","2_425","solar_dec",0.000307,0.000206,0.144,593,1
"Total P","mid","2_815","SO4_dep_1985_2015",-0.0324,0.0397,0.42,593,1
"Total P","mid","2_815","N_dep_2000_2009",0.172,0.157,0.281,593,1
"Total P","mid","2_816","N_dep_2000_2009",0.167,0.156,0.293,593,1
"Total P","mid","2_817","SO4_dep_1990_1999",-0.0257,0.0327,0.438,593,1
"Total P","mid","2_817","N_dep_2000_2009",0.169,0.159,0.296,593,1
"Total P","mid","2_622","Cl_dep_1985_1989",-0.0226,0.0212,0.293,593,1
"Total P","mid","2_622","SO4_dep_2000_2009",0.0684,0.0547,0.218,593,1
"Total P","mid","2_607","N_dep_2000_2009",0.11,0.0854,0.208,593,1
"Total P","mid","2_607","Cl_dep_1985_1989",-0.00825,0.0101,0.421,593,1
"Total P","mid","2_877","NH4_dep_1985_1989",-0.628,0.693,0.37,593,1
"Total P","mid","2_816","SO4_dep_1985_1989",-0.0252,0.0321,0.436,593,1
"Total P","mid","2_590","Cl_dep_1985_2015",-0.0208,0.0184,0.267,593,1
"Total P","mid","2_590","SO4_dep_2000_2009",0.0652,0.049,0.191,593,1
"Total P","mid","2_617","Cl_dep_1985_1989",-0.00857,0.0105,0.421,593,1
"Total P","mid","2_617","NO3_dep_2000_2009",0.0434,0.0345,0.217,593,1
"Total P","mid","2_612","NH4_dep_2000_2009",0.287,0.223,0.206,593,1
"Total P","mid","2_877","NH4_dep_2000_2009",0.659,0.618,0.293,593,1
"Total P","mid","2_425","tholeiite",-0.165,0.18,0.365,593,1
"Total P","mid","2_638","N_dep_2000_2009",0.104,0.0798,0.202,593,1
"Total P","hi","2_182","Elevation_m",-0.000373,0.000131,0.00713,594,2
"Total P","hi","2_926","NH4_dep_2000_2009",-0.96,1.4,0.498,594,2
"Total P","hi","2_926","SO4_dep_1985_1989",0.0139,0.125,0.911,594,2
"Total P","hi","2_643","NH4_dep_2000_2009",-0.807,0.59,0.179,594,2
"Total P","hi","2_643","Cl_dep_1990_1999",6.44e-05,0.0254,0.998,594,2
"Total P","hi","2_575","N_dep_2000_2009",-0.299,0.229,0.199,594,2
"Total P","hi","2_575","Cl_dep_1985_2015",-0.00573,0.0259,0.826,594,2
"Total P","hi","2_648","NO3_dep_2000_2009",-0.112,0.0924,0.234,594,2
"Total P","hi","2_387","tholeiite",-0.0507,0.562,0.929,594,2
"Total P","hi","2_807","NH4_dep_1990_1999",-0.688,1.03,0.509,594,2
"Total P","hi","2_1010","SO4_dep_1985_2015",-0.0443,0.12,0.714,594,2
"Total P","hi","2_806","NH4_dep_1985_1989",-0.651,1.27,0.611,594,2
"Total P","hi","2_806","N_dep_2000_2009",-0.096,0.495,0.847,594,2
"Total P","hi","2_925","NH4_dep_2000_2009",-0.935,1.35,0.494,594,2
"Total P","hi","2_925","SO4_dep_1985_2015",0.0144,0.148,0.923,594,2
"Total P","hi","2_387","solar_jas",-0.000129,4.37e-05,0.0055,594,2
"Total P","hi","2_1010","NO3_dep_2000_2009",-0.0659,0.185,0.724,594,2
"Total P","hi","2_648","Cl_dep_1990_1999",-0.00603,0.0236,0.8,594,2
"Total P","hi","2_182","tholeiite",-0.0866,0.56,0.878,594,2
"Total P","hi","2_807","N_dep_2000_2009",0.0531,0.605,0.931,594,2
"Total P","lo","2_807","N_dep_2000_2009",-1.57,0.605,0.0134,594,2
"Total P","lo","2_1010","NO3_dep_2000_2009",-0.489,0.185,0.0122,594,2
"Total P","lo","2_806","NH4_dep_1985_1989",3.31,1.27,0.0132,594,2
"Total P","lo","2_806","N_dep_2000_2009",-1.31,0.495,0.0119,594,2
"Total P","lo","2_925","NH4_dep_2000_2009",-3.48,1.35,0.0142,594,2
"Total P","lo","2_387","solar_jas",-4.6e-05,4.37e-05,0.299,594,2
"Total P","lo","2_926","NH4_dep_2000_2009",-3.59,1.4,0.0145,594,2
"Total P","lo","2_926","SO4_dep_1985_1989",0.319,0.125,0.0148,594,2
"Total P","lo","2_643","Cl_dep_1990_1999",0.0653,0.0254,0.0143,594,2
"Total P","lo","2_643","NH4_dep_2000_2009",-1.43,0.59,0.0202,594,2
"Total P","lo","2_575","Cl_dep_1985_2015",0.0673,0.0259,0.0133,594,2
"Total P","lo","2_575","N_dep_2000_2009",-0.573,0.229,0.0169,594,2
"Total P","lo","2_648","Cl_dep_1990_1999",0.0619,0.0236,0.0126,594,2
"Total P","lo","2_648","NO3_dep_2000_2009",-0.231,0.0924,0.0169,594,2
"Total P","lo","2_925","SO4_dep_1985_2015",0.379,0.148,0.0144,594,2
"Total P","lo","2_387","tholeiite",1.47,0.562,0.0129,594,2
"Total P","lo","2_182","Elevation_m",-0.000154,0.000131,0.247,594,2
"Total P","lo","2_1010","SO4_dep_1985_2015",0.313,0.12,0.0129,594,2
"Total P","lo","2_807","NH4_dep_1990_1999",2.63,1.03,0.015,594,2
"Total P","lo","2_182","tholeiite",1.47,0.56,0.0124,594,2
"Total P","mid","2_806","N_dep_2000_2009",0.171,0.174,0.334,594,2
"Total P","mid","2_806","NH4_dep_1985_1989",-0.326,0.45,0.473,594,2
"Total P","mid","2_926","NH4_dep_2000_2009",0.528,0.484,0.282,594,2
"Total P","mid","2_926","SO4_dep_1985_1989",-0.0385,0.0432,0.379,594,2
"Total P","mid","2_643","Cl_dep_1990_1999",-0.00743,0.00881,0.405,594,2
"Total P","mid","2_643","NH4_dep_2000_2009",0.257,0.201,0.21,594,2
"Total P","mid","2_575","Cl_dep_1985_2015",-0.00715,0.00906,0.435,594,2
"Total P","mid","2_575","N_dep_2000_2009",0.102,0.0787,0.205,594,2
"Total P","mid","2_648","Cl_dep_1990_1999",-0.00659,0.00827,0.43,594,2
"Total P","mid","2_648","NO3_dep_2000_2009",0.0406,0.032,0.212,594,2
"Total P","mid","2_387","solar_jas",2.09e-05,1.51e-05,0.174,594,2
"Total P","mid","2_387","tholeiite",-0.151,0.178,0.402,594,2
"Total P","mid","2_1010","NO3_dep_2000_2009",0.0672,0.065,0.308,594,2
"Total P","mid","2_807","N_dep_2000_2009",0.185,0.213,0.391,594,2
"Total P","mid","2_807","NH4_dep_1990_1999",-0.239,0.365,0.516,594,2
"Total P","mid","2_1010","SO4_dep_1985_2015",-0.0327,0.0422,0.443,594,2
"Total P","mid","2_925","NH4_dep_2000_2009",0.501,0.463,0.286,594,2
"Total P","mid","2_925","SO4_dep_1985_2015",-0.0444,0.0509,0.389,594,2
"Total P","mid","2_182","Elevation_m",6.3e-05,4.53e-05,0.172,594,2
"Total P","mid","2_182","tholeiite",-0.147,0.178,0.413,594,2
